ImgLinks,description,price,title
"//cdn.shopify.com/s/files/1/0534/2501/2925/products/beige-dabu-print-cotton-flared-shorts-flared-shorts-193530_{width}x.jpg?v=1625847290,//cdn.shopify.com/s/files/1/0534/2501/2925/products/beige-dabu-print-cotton-flared-shorts-flared-shorts-131156_{width}x.jpg?v=1625847290,//cdn.shopify.com/s/files/1/0534/2501/2925/products/beige-dabu-print-cotton-flared-shorts-flared-shorts-240543_{width}x.jpg?v=1625847290,//cdn.shopify.com/s/files/1/0534/2501/2925/products/beige-dabu-print-cotton-flared-shorts-flared-shorts-982308_{width}x.jpg?v=1625847290,//cdn.shopify.com/s/files/1/0534/2501/2925/products/beige-dabu-print-cotton-flared-shorts-flared-shorts-140936_{width}x.jpg?v=1625847290,//cdn.shopify.com/s/files/1/0534/2501/2925/products/beige-dabu-print-cotton-flared-shorts-flared-shorts-333072_{width}x.jpg?v=1625847290","Craft: Dabu Hand-Lep Print
Primary Fabric: 100% Cotton - Natural Dyed, Hand Lep-ed in Bagru (Rajasthan)
This garment is Hand Embroidered
Pattern: Solid, Contemporary
Color: Beige
Style: Flared
Length: Mid-Thigh Length
High Rise waist
Full Elasticated Waist
This garment has Slash Pocket, Rounded Pocket
Number of Pockets: 2
Garment Transparency: Opaque
Relaxed Fit
Wash delicately by hand, or in the most gentle machine cycle.
Iron on reverse. Line dry in the shade.
Do not dry clean, bleach, wring, tumble dry or iron on embellishments.
Natural colors tend to bleed. Wash them separately with less washing agent.",3390,Beige Dabu Print Cotton Flared Shorts
"//cdn.shopify.com/s/files/1/0534/2501/2925/products/dusk-beige-cotton-corduroy-baggy-shorts-baggy-shorts-226961_{width}x.jpg?v=1625992953,//cdn.shopify.com/s/files/1/0534/2501/2925/products/dusk-beige-cotton-corduroy-baggy-shorts-baggy-shorts-687982_{width}x.jpg?v=1625992953,//cdn.shopify.com/s/files/1/0534/2501/2925/products/dusk-beige-cotton-corduroy-baggy-shorts-baggy-shorts-996234_{width}x.jpg?v=1625992953,//cdn.shopify.com/s/files/1/0534/2501/2925/products/dusk-beige-cotton-corduroy-baggy-shorts-baggy-shorts-623110_{width}x.jpg?v=1625992953,//cdn.shopify.com/s/files/1/0534/2501/2925/products/dusk-beige-cotton-corduroy-baggy-shorts-baggy-shorts-204099_{width}x.jpg?v=1625992953,//cdn.shopify.com/s/files/1/0534/2501/2925/products/dusk-beige-cotton-corduroy-baggy-shorts-baggy-shorts-282944_{width}x.jpg?v=1625992953,//cdn.shopify.com/s/files/1/0534/2501/2925/products/dusk-beige-cotton-corduroy-baggy-shorts-baggy-shorts-419602_{width}x.jpg?v=1625992953","Primary Fabric: 100% Cotton Corduroy
Pattern: Solid, Stripes
Color: Dusk Beige
Button Type: Shell
Style: Baggy, Pleated
Length: Mid-Thigh Length
High Rise waist
Half Elasticated Waist
This garment has Slash Pocket
Number of Pockets: 2
Garment Transparency: Opaque
Comfort Fit
Exposed Zip at Front
Functional Specialty: Fold Up Hem
Wash delicately by hand, or in the most gentle machine cycle.
Iron on reverse. Line dry in the shade.
Do not dry clean, bleach, wring, tumble dry or iron on embellishments.
Natural colors tend to bleed. Wash them separately with less washing agent.",3200,Dusk Beige Cotton Corduroy Baggy Shorts
"//cdn.shopify.com/s/files/1/0534/2501/2925/products/mustard-paisley-straight-short-shorts-short-shorts-542898_{width}x.jpg?v=1625993460,//cdn.shopify.com/s/files/1/0534/2501/2925/products/mustard-paisley-straight-short-shorts-short-shorts-439136_{width}x.jpg?v=1625993460,//cdn.shopify.com/s/files/1/0534/2501/2925/products/mustard-paisley-straight-short-shorts-short-shorts-882396_{width}x.jpg?v=1625993460,//cdn.shopify.com/s/files/1/0534/2501/2925/products/mustard-paisley-straight-short-shorts-short-shorts-516913_{width}x.jpg?v=1625993460,//cdn.shopify.com/s/files/1/0534/2501/2925/products/mustard-paisley-straight-short-shorts-short-shorts-362635_{width}x.jpg?v=1625993460","Craft: Bagru Hand Block Print
Primary Fabric: 100% Cotton - Natural Dyed, Hand Block Printed in Bagru (Rajasthan)
Pattern: Paisley, Contemporary, Traditional
Color: Mustard
Button Type: Shell
Style: Short, Straight 
Length: Mid-Thigh Length
High Rise waist
Banded Waist
This garment has Slash Pocket, Welt Pocket
Number of Pockets: 3
Garment Transparency: Opaque
Slim Fit
Belt Loops 
Exposed Zip at The Front
Wash delicately by hand, or in the most gentle machine cycle.
Iron on reverse. Line dry in the shade.
Do not dry clean, bleach, wring, tumble dry or iron on embellishments.
Natural colors tend to bleed. Wash them separately with less washing agent.",3540,Bagru Block Print Mustard Straight Shorts
"//cdn.shopify.com/s/files/1/0534/2501/2925/products/blue-vegetable-dyed-straight-fit-shorts-straight-shorts-966099_{width}x.jpg?v=1625850728,//cdn.shopify.com/s/files/1/0534/2501/2925/products/blue-vegetable-dyed-straight-fit-shorts-straight-shorts-990368_{width}x.jpg?v=1625850728,//cdn.shopify.com/s/files/1/0534/2501/2925/products/blue-vegetable-dyed-straight-fit-shorts-straight-shorts-233822_{width}x.jpg?v=1625850728,//cdn.shopify.com/s/files/1/0534/2501/2925/products/blue-vegetable-dyed-straight-fit-shorts-straight-shorts-658341_{width}x.jpg?v=1625850728,//cdn.shopify.com/s/files/1/0534/2501/2925/products/blue-vegetable-dyed-straight-fit-shorts-straight-shorts-695362_{width}x.jpg?v=1625850728","Primary Fabric: 100% Cotton - Vegetable Dyed in Ahmedabad (Gujarat), Handspun, Hand Woven in Nagri (Tamil Nadu)
Pattern: Solid
Color: Blue
Style: Straight 
Length: Mid-Thigh Length
Mid Rise waist
Banded waist
This garment has Inseam Pocket
Number of Pockets: 2
Garment Transparency: Opaque
Relaxed Fit
Concealed Zip at left
Knife Pleats at Front
Wash delicately by hand, or in the most gentle machine cycle.
Iron on reverse. Line dry in the shade.
Do not dry clean, bleach, wring, tumble dry or iron on embellishments.
Natural colors tend to bleed. Wash them separately with less washing agent.",4020,Blue Vegetable Dyed Straight Fit Shorts
"//cdn.shopify.com/s/files/1/0534/2501/2925/products/cotton-beige-striped-paperbag-shorts-paperbag-shorts-846996_{width}x.jpg?v=1625992611,//cdn.shopify.com/s/files/1/0534/2501/2925/products/cotton-beige-striped-paperbag-shorts-paperbag-shorts-553172_{width}x.jpg?v=1625992611,//cdn.shopify.com/s/files/1/0534/2501/2925/products/cotton-beige-striped-paperbag-shorts-paperbag-shorts-112570_{width}x.jpg?v=1625992611,//cdn.shopify.com/s/files/1/0534/2501/2925/products/cotton-beige-striped-paperbag-shorts-paperbag-shorts-910890_{width}x.jpg?v=1625992611,//cdn.shopify.com/s/files/1/0534/2501/2925/products/cotton-beige-striped-paperbag-shorts-paperbag-shorts-249864_{width}x.jpg?v=1625992611,//cdn.shopify.com/s/files/1/0534/2501/2925/products/cotton-beige-striped-paperbag-shorts-paperbag-shorts-364694_{width}x.jpg?v=1625992611","Primary Fabric: 100% Cotton - Yarn Dyed
Pattern: Stripes
Color: Dusk Beige
Button Type: Metal
Style: Paperbag, Pleated
Length: Mid-Thigh Length
High Rise waist
Detached Belt at Waist
This garment has Inseam Pocket
Number of Pockets: 2
Garment Transparency: Opaque
Relaxed Fit
Concealed Zip at Side
Belt Loops 
Wash delicately by hand, or in the most gentle machine cycle.
Iron on reverse. Line dry in the shade.
Do not dry clean, bleach, wring, tumble dry or iron on embellishments.
Natural colors tend to bleed. Wash them separately with less washing agent.",3550,Cotton Beige Striped Paperbag Shorts
"//cdn.shopify.com/s/files/1/0534/2501/2925/products/elastic-waist-striped-short-shorts-short-short-632362_{width}x.jpg?v=1626188018,//cdn.shopify.com/s/files/1/0534/2501/2925/products/elastic-waist-striped-short-shorts-short-short-516623_{width}x.jpg?v=1626188018,//cdn.shopify.com/s/files/1/0534/2501/2925/products/elastic-waist-striped-short-shorts-short-short-782747_{width}x.jpg?v=1626188018,//cdn.shopify.com/s/files/1/0534/2501/2925/products/elastic-waist-striped-short-shorts-short-short-582223_{width}x.jpg?v=1626188018,//cdn.shopify.com/s/files/1/0534/2501/2925/products/elastic-waist-striped-short-shorts-short-short-964367_{width}x.jpg?v=1626188018","Craft: Sanganeri Hand Block Print
Primary Fabric: 100% Cotton - Azo-Free Dyed, Hand Block Printed in Sanganer (Rajasthan)
This is a lined garment
Pattern: Stripes
Color: White
Style: Short, Boxers
Length: Mid-Thigh Length
Mid Rise waist
Full Elasticated Waist
This garment has Inseam Pocket
Number of Pockets: 2
Garment Transparency: Opaque
Relaxed Fit
Elasticized Drawstring at Waist
Handcrafted Tassels at Waist
Wash delicately by hand, or in the most gentle machine cycle.
Iron on reverse. Line dry in the shade.
Do not dry clean, bleach, wring, tumble dry or iron on embellishments.
Natural colors tend to bleed. Wash them separately with less washing agent.",3690,Block Printed Striped Boxer Shorts
"//cdn.shopify.com/s/files/1/0534/2501/2925/products/6L3A1635copy_{width}x.jpg?v=1638421904,//cdn.shopify.com/s/files/1/0534/2501/2925/products/6L3A1638copy_{width}x.jpg?v=1638421904,//cdn.shopify.com/s/files/1/0534/2501/2925/products/6L3A1630copy_{width}x.jpg?v=1638421904,//cdn.shopify.com/s/files/1/0534/2501/2925/products/6L3A1632copy_{width}x.jpg?v=1638421904,//cdn.shopify.com/s/files/1/0534/2501/2925/products/6L3A1637copy_{width}x.jpg?v=1638421904,//cdn.shopify.com/s/files/1/0534/2501/2925/products/6L3A1641copy_{width}x.jpg?v=1638421895","Length: Mid-Thigh Length
Mid Rise waist
Half Elasticated Waist
This garment has Slash Pocket, Patch Pocket
Number of Pockets: 4
Garment Transparency: Opaque
Relaxed Fit
Belt Loops 
Wash delicately by hand, or in the most gentle machine cycle.
Iron on reverse. Line dry in the shade.
Do not dry clean, bleach, wring, tumble dry or iron on embellishments.
Natural colors tend to bleed. Wash them separately with less washing agent.",4330,Bottle Green Handspun Cotton Short Shorts
"//cdn.shopify.com/s/files/1/0534/2501/2925/products/powder-blue-checkered-handspun-shorts-straight-shorts-428206_{width}x.jpg?v=1625992472,//cdn.shopify.com/s/files/1/0534/2501/2925/products/powder-blue-checkered-handspun-shorts-straight-shorts-240981_{width}x.jpg?v=1625992472,//cdn.shopify.com/s/files/1/0534/2501/2925/products/powder-blue-checkered-handspun-shorts-straight-shorts-686367_{width}x.jpg?v=1625992472,//cdn.shopify.com/s/files/1/0534/2501/2925/products/powder-blue-checkered-handspun-shorts-straight-shorts-530598_{width}x.jpg?v=1625992472,//cdn.shopify.com/s/files/1/0534/2501/2925/products/powder-blue-checkered-handspun-shorts-straight-shorts-109983_{width}x.jpg?v=1625992472,//cdn.shopify.com/s/files/1/0534/2501/2925/products/powder-blue-checkered-handspun-shorts-straight-shorts-523607_{width}x.jpg?v=1625992472","Primary Fabric: 100% Cotton Muslin - Yarn Dyed, Azo-Free Dyed, Handspun, Hand Woven in Murshidabad (West Bengal)
This is a lined garment
Pattern: Checks
Color: Powder Blue, White
Style: Straight 
Length: Mid-Thigh Length
High Rise waist
Half Elasticated Waist, Attached Belt at Waist
This garment has Slash Pocket
Number of Pockets: 2
Garment Transparency: Translucent
Comfort Fit
Tie-Up at front
Wash delicately by hand, or in the most gentle machine cycle.
Iron on reverse. Line dry in the shade.
Do not dry clean, bleach, wring, tumble dry or iron on embellishments.
Natural colors tend to bleed. Wash them separately with less washing agent.",4840,Powder Blue Checkered Handspun Shorts
"//cdn.shopify.com/s/files/1/0534/2501/2925/products/JNPR3321new_{width}x.jpg?v=1640845263,//cdn.shopify.com/s/files/1/0534/2501/2925/products/JNPR3324_{width}x.jpg?v=1640845263,//cdn.shopify.com/s/files/1/0534/2501/2925/products/JNPR3340aa_{width}x.jpg?v=1640845263,//cdn.shopify.com/s/files/1/0534/2501/2925/products/JNPR3327_{width}x.jpg?v=1640845258,//cdn.shopify.com/s/files/1/0534/2501/2925/products/JNPR3336_{width}x.jpg?v=1640845258","Primary Fabric: 100% Cotton
Pattern: Solid
Color: Teal
Style: Short
Length: Mid-Thigh Length
Mid Rise waist
Full Elasticated Waist
This garment has Slash Pocket, Mobile Pocket
Number of Pockets: 3
Garment Transparency: Opaque
Relaxed Fit
Wash delicately by hand, or in the most gentle machine cycle.
Iron on reverse. Line dry in the shade.
Do not dry clean, bleach, wring, tumble dry or iron on embellishments.
Natural colors tend to bleed. Wash them separately with less washing agent.",2460,Teal Solid Cotton Short Shorts
"//cdn.shopify.com/s/files/1/0534/2501/2925/products/kashish-dabu-print-high-rise-comfort-fit-shorts-short-shorts-688473_{width}x.jpg?v=1626279264,//cdn.shopify.com/s/files/1/0534/2501/2925/products/kashish-dabu-print-high-rise-comfort-fit-shorts-short-shorts-949083_{width}x.jpg?v=1626279264,//cdn.shopify.com/s/files/1/0534/2501/2925/products/kashish-dabu-print-high-rise-comfort-fit-shorts-short-shorts-614146_{width}x.jpg?v=1626279264,//cdn.shopify.com/s/files/1/0534/2501/2925/products/kashish-dabu-print-high-rise-comfort-fit-shorts-short-shorts-154987_{width}x.jpg?v=1626279264,//cdn.shopify.com/s/files/1/0534/2501/2925/products/kashish-dabu-print-high-rise-comfort-fit-shorts-short-shorts-547297_{width}x.jpg?v=1626279264","Craft: Dabu Hand Block Print
Primary Fabric: 100% Cotton - Natural Dyed, Hand Block Printed in Sanganer (Rajasthan)
This is a lined garment
Pattern: Botanical, Floral
Color: Beige
Style: Short
Length: Mid-Thigh Length
High Rise waist
Waistbandless
This garment has Inseam Pocket
Number of Pockets: 2
Garment Transparency: Opaque
Comfort Fit
Tie-Up at Waist
Concealed Zip at The Left
Cord Piping 
Wash delicately by hand, or in the most gentle machine cycle.
Iron on reverse. Line dry in the shade.
Do not dry clean, bleach, wring, tumble dry or iron on embellishments.
Natural colors tend to bleed. Wash them separately with less washing agent.",2800,Kashish Dabu Print High-Rise Comfort Fit Shorts
"//cdn.shopify.com/s/files/1/0534/2501/2925/products/yellow-vegetable-dyed-handspun-short-shorts-short-shorts-468816_{width}x.jpg?v=1626371454,//cdn.shopify.com/s/files/1/0534/2501/2925/products/yellow-vegetable-dyed-handspun-short-shorts-short-shorts-547087_{width}x.jpg?v=1626371454,//cdn.shopify.com/s/files/1/0534/2501/2925/products/yellow-vegetable-dyed-handspun-short-shorts-short-shorts-953130_{width}x.jpg?v=1626371454,//cdn.shopify.com/s/files/1/0534/2501/2925/products/yellow-vegetable-dyed-handspun-short-shorts-short-shorts-574804_{width}x.jpg?v=1626371454,//cdn.shopify.com/s/files/1/0534/2501/2925/products/yellow-vegetable-dyed-handspun-short-shorts-short-shorts-189483_{width}x.jpg?v=1626371454,//cdn.shopify.com/s/files/1/0534/2501/2925/products/yellow-vegetable-dyed-handspun-short-shorts-short-shorts-836240_{width}x.jpg?v=1626371454","Primary Fabric: 100% Cotton - Vegetable Dyed in Ahmedabad (Gujarat), Handspun, Hand Woven in Nagri (Tamil Nadu)
Pattern: Solid
Color: Yellow
Style: Short
Length: Mid-Thigh Length
Mid Rise waist
Full Elasticated Waist, Attached Belt at Waist
This garment has Patch Pocket, Mobile Pocket
Number of Pockets: 4
Garment Transparency: Opaque
Comfort Fit
Wash delicately by hand, or in the most gentle machine cycle.
Iron on reverse. Line dry in the shade.
Do not dry clean, bleach, wring, tumble dry or iron on embellishments.
Natural colors tend to bleed. Wash them separately with less washing agent.",4660,Yellow Vegetable Dyed Handspun Short Shorts
"//cdn.shopify.com/s/files/1/0534/2501/2925/products/handspun-brown-flared-shorts-flared-shorts-171324_{width}x.jpg?v=1626080841,//cdn.shopify.com/s/files/1/0534/2501/2925/products/handspun-brown-flared-shorts-flared-shorts-875565_{width}x.jpg?v=1626080841,//cdn.shopify.com/s/files/1/0534/2501/2925/products/handspun-brown-flared-shorts-flared-shorts-517788_{width}x.jpg?v=1626080841,//cdn.shopify.com/s/files/1/0534/2501/2925/products/handspun-brown-flared-shorts-flared-shorts-183739_{width}x.jpg?v=1626080841,//cdn.shopify.com/s/files/1/0534/2501/2925/products/handspun-brown-flared-shorts-flared-shorts-563954_{width}x.jpg?v=1626080841,//cdn.shopify.com/s/files/1/0534/2501/2925/products/handspun-brown-flared-shorts-flared-shorts-643506_{width}x.jpg?v=1626080841","Primary Fabric: 100% Cotton - Yarn Dyed, Azo-Free Dyed, Handspun, Hand Woven in Murshidabad (West Bengal)
This is a lined garment
Pattern: Solid
Color: Brown
Style: Flared
Length: Mid-Thigh Length
Mid Rise waist
Half Elasticated Waist
This garment has Inseam Pocket
Number of Pockets: 2
Garment Transparency: Opaque
Comfort Fit
Wash delicately by hand, or in the most gentle machine cycle.
Iron on reverse. Line dry in the shade.
Do not dry clean, bleach, wring, tumble dry or iron on embellishments.
Natural colors tend to bleed. Wash them separately with less washing agent.",3720,Handspun Brown Flared Shorts
"//cdn.shopify.com/s/files/1/0534/2501/2925/products/vegetable-dyed-off-white-paneled-shorts-paneled-shorts-120047_{width}x.jpg?v=1626283687,//cdn.shopify.com/s/files/1/0534/2501/2925/products/vegetable-dyed-off-white-paneled-shorts-paneled-shorts-297253_{width}x.jpg?v=1626283687,//cdn.shopify.com/s/files/1/0534/2501/2925/products/vegetable-dyed-off-white-paneled-shorts-paneled-shorts-278679_{width}x.jpg?v=1626283687,//cdn.shopify.com/s/files/1/0534/2501/2925/products/vegetable-dyed-off-white-paneled-shorts-paneled-shorts-215418_{width}x.jpg?v=1626283687,//cdn.shopify.com/s/files/1/0534/2501/2925/products/vegetable-dyed-off-white-paneled-shorts-paneled-shorts-377677_{width}x.jpg?v=1626283687","Primary Fabric: 100% Cotton - Yarn Dyed, Vegetable Dyed in Ahmedabad (Gujarat), Handspun, Hand Woven in Nagri (Tamil Nadu)
Pattern: Checks
Color: Off-white, Pink
Style: Paneled
Length: Mid-Thigh Length
Mid Rise waist
Full Elasticated Waist
This garment has Slash Pocket
Number of Pockets: 2
Garment Transparency: Opaque
Comfort Fit
Wash delicately by hand, or in the most gentle machine cycle.
Iron on reverse. Line dry in the shade.
Do not dry clean, bleach, wring, tumble dry or iron on embellishments.
Natural colors tend to bleed. Wash them separately with less washing agent.",3940,Vegetable Dyed Off-White Paneled Shorts
"//cdn.shopify.com/s/files/1/0534/2501/2925/products/floral-bagru-printed-short-shorts-short-shorts-756458_{width}x.jpg?v=1625850454,//cdn.shopify.com/s/files/1/0534/2501/2925/products/floral-bagru-printed-short-shorts-short-shorts-835454_{width}x.jpg?v=1625850454,//cdn.shopify.com/s/files/1/0534/2501/2925/products/floral-bagru-printed-short-shorts-short-shorts-894813_{width}x.jpg?v=1625850454,//cdn.shopify.com/s/files/1/0534/2501/2925/products/floral-bagru-printed-short-shorts-short-shorts-799069_{width}x.jpg?v=1625850454,//cdn.shopify.com/s/files/1/0534/2501/2925/products/floral-bagru-printed-short-shorts-short-shorts-609254_{width}x.jpg?v=1625850454","Craft: Bagru Hand Block Print
Primary Fabric: 100% Cotton - Natural Dyed, Hand Block Printed in Bagru (Rajasthan)
Pattern: Floral, Contemporary
Color: Beige
Style: Short
Length: Micro Length
Mid Rise waist
Full Elasticated Waist
This garment has Patch Pocket
Number of Pockets: 2
Garment Transparency: Opaque
Comfort Fit
Elasticized Drawstring at Waist
Wash delicately by hand, or in the most gentle machine cycle.
Iron on reverse. Line dry in the shade.
Do not dry clean, bleach, wring, tumble dry or iron on embellishments.
Natural colors tend to bleed. Wash them separately with less washing agent.",2670,Floral Block Print Comfort Fit Shorts
"//cdn.shopify.com/s/files/1/0534/2501/2925/products/indigo-cotton-denim-paneled-shorts-paneled-shorts-298788_{width}x.jpg?v=1611240888,//cdn.shopify.com/s/files/1/0534/2501/2925/products/indigo-cotton-denim-paneled-shorts-paneled-shorts-618394_{width}x.jpg?v=1611240888,//cdn.shopify.com/s/files/1/0534/2501/2925/products/indigo-cotton-denim-paneled-shorts-paneled-shorts-946396_{width}x.jpg?v=1611240888,//cdn.shopify.com/s/files/1/0534/2501/2925/products/indigo-cotton-denim-paneled-shorts-paneled-shorts-884463_{width}x.jpg?v=1611240888,//cdn.shopify.com/s/files/1/0534/2501/2925/products/indigo-cotton-denim-paneled-shorts-paneled-shorts-926446_{width}x.jpg?v=1611240888,//cdn.shopify.com/s/files/1/0534/2501/2925/products/indigo-cotton-denim-paneled-shorts-paneled-shorts-272301_{width}x.jpg?v=1611240888","Primary Fabric: 100% Cotton Denim
This garment is Hand Embroidered
Pattern: Solid
Color: Indigo
Button Type: Metal
Style: Paneled, Short
Length: Mid-Thigh Length
Mid Rise waist
This garment has Slash Pocket
Number of Pockets: 2
Garment Transparency: Opaque
Comfort Fit
Exposed Zip at Front
Wash delicately by hand, or in the most gentle machine cycle.
Iron on reverse. Line dry in the shade.
Do not dry clean, bleach, wring, tumble dry or iron on embellishments.
Natural colors tend to bleed. Wash them separately with less washing agent.",3400,Indigo Cotton Denim Paneled Shorts
"//cdn.shopify.com/s/files/1/0534/2501/2925/products/melon-orange-handspun-mirror-work-shorts-straight-shorts-828968_{width}x.jpg?v=1626279953,//cdn.shopify.com/s/files/1/0534/2501/2925/products/melon-orange-handspun-mirror-work-shorts-straight-shorts-593333_{width}x.jpg?v=1626279953,//cdn.shopify.com/s/files/1/0534/2501/2925/products/melon-orange-handspun-mirror-work-shorts-straight-shorts-712699_{width}x.jpg?v=1626279953,//cdn.shopify.com/s/files/1/0534/2501/2925/products/melon-orange-handspun-mirror-work-shorts-straight-shorts-402935_{width}x.jpg?v=1626279953","Primary Fabric: 100% Cotton Muslin - Yarn Dyed, Azo-Free Dyed, Handspun, Hand Woven in Murshidabad (West Bengal)
Pattern: Solid
Color: Melon Orange
Button Type: Shell
Style: Straight 
Length: Mid-Thigh Length
Mid Rise waist
Half Elasticated Waist
This garment has Patch Pocket
Number of Pockets: 2
Garment Transparency: Opaque
Relaxed Fit
Exposed Zip at front
Wash delicately by hand, or in the most gentle machine cycle.
Iron on reverse. Line dry in the shade.
Do not dry clean, bleach, wring, tumble dry or iron on embellishments.
Natural colors tend to bleed. Wash them separately with less washing agent.",2610,Melon Orange Handspun Mirror Work Shorts
"//cdn.shopify.com/s/files/1/0534/2501/2925/products/cotton-grey-striped-paperbag-shorts-paperbag-shorts-213255_{width}x.jpg?v=1625849646,//cdn.shopify.com/s/files/1/0534/2501/2925/products/cotton-grey-striped-paperbag-shorts-paperbag-shorts-183865_{width}x.jpg?v=1625849646,//cdn.shopify.com/s/files/1/0534/2501/2925/products/cotton-grey-striped-paperbag-shorts-paperbag-shorts-875873_{width}x.jpg?v=1625849646,//cdn.shopify.com/s/files/1/0534/2501/2925/products/cotton-grey-striped-paperbag-shorts-paperbag-shorts-688935_{width}x.jpg?v=1625849646,//cdn.shopify.com/s/files/1/0534/2501/2925/products/cotton-grey-striped-paperbag-shorts-paperbag-shorts-646168_{width}x.jpg?v=1625849646,//cdn.shopify.com/s/files/1/0534/2501/2925/products/cotton-grey-striped-paperbag-shorts-paperbag-shorts-981638_{width}x.jpg?v=1625849646","Primary Fabric: 100% Cotton - Yarn Dyed
Pattern: Stripes
Color: Cloudy Grey
Button Type: Metal
Style: Paperbag, Pleated
Length: Mid-Thigh Length
High Rise waist
Detached Belt at Waist
This garment has Inseam Pocket
Number of Pockets: 2
Garment Transparency: Opaque
Relaxed Fit
Concealed Zip at Side
Belt Loops 
Wash delicately by hand, or in the most gentle machine cycle.
Iron on reverse. Line dry in the shade.
Do not dry clean, bleach, wring, tumble dry or iron on embellishments.
Natural colors tend to bleed. Wash them separately with less washing agent.",3550,Cotton Grey Striped Paperbag Shorts
"//cdn.shopify.com/s/files/1/0534/2501/2925/products/khakhi-vegetable-dyed-handspun-short-shorts-short-shorts-683178_{width}x.jpg?v=1626083172,//cdn.shopify.com/s/files/1/0534/2501/2925/products/khakhi-vegetable-dyed-handspun-short-shorts-short-shorts-974820_{width}x.jpg?v=1626083172,//cdn.shopify.com/s/files/1/0534/2501/2925/products/khakhi-vegetable-dyed-handspun-short-shorts-short-shorts-725976_{width}x.jpg?v=1626083172,//cdn.shopify.com/s/files/1/0534/2501/2925/products/khakhi-vegetable-dyed-handspun-short-shorts-short-shorts-401467_{width}x.jpg?v=1626083172,//cdn.shopify.com/s/files/1/0534/2501/2925/products/khakhi-vegetable-dyed-handspun-short-shorts-short-shorts-346326_{width}x.jpg?v=1626083172","Primary Fabric: 100% Cotton - Vegetable Dyed in Ahmedabad (Gujarat), Handspun, Hand Woven in Nagri (Tamil Nadu)
Pattern: Solid
Color: Khaki Green
Style: Short
Length: Mid-Thigh Length
Mid Rise waist
Full Elasticated Waist, Attached Belt at Waist
This garment has Patch Pocket, Mobile Pocket
Number of Pockets: 4
Garment Transparency: Opaque
Comfort Fit
Contrast Top Stitch 
Wash delicately by hand, or in the most gentle machine cycle.
Iron on reverse. Line dry in the shade.
Do not dry clean, bleach, wring, tumble dry or iron on embellishments.
Natural colors tend to bleed. Wash them separately with less washing agent.",4670,Khaki Vegetable Dyed Handspun Short Shorts
"//cdn.shopify.com/s/files/1/0534/2501/2925/products/violet-mangalgiri-cotton-short-shorts-short-shorts-603837_{width}x.jpg?v=1625991042,//cdn.shopify.com/s/files/1/0534/2501/2925/products/violet-mangalgiri-cotton-short-shorts-short-shorts-544081_{width}x.jpg?v=1625991042,//cdn.shopify.com/s/files/1/0534/2501/2925/products/violet-mangalgiri-cotton-short-shorts-short-shorts-111444_{width}x.jpg?v=1625991042,//cdn.shopify.com/s/files/1/0534/2501/2925/products/violet-mangalgiri-cotton-short-shorts-short-shorts-273810_{width}x.jpg?v=1625991042,//cdn.shopify.com/s/files/1/0534/2501/2925/products/violet-mangalgiri-cotton-short-shorts-short-shorts-948141_{width}x.jpg?v=1625991042","Primary Fabric: 100% Cotton Mangalgiri - Yarn Dyed, Woven in Chinnalapatti (Tamil Nadu)
Pattern: Stripes
Color: Violet
Style: Short
Length: Mid-Thigh Length
High Rise waist
Half Elasticated Waist
This garment has Slash Pocket
Number of Pockets: 2
Garment Transparency: Opaque
Relaxed Fit
Pin Tucks at front
Wash delicately by hand, or in the most gentle machine cycle.
Iron on reverse. Line dry in the shade.
Do not dry clean, bleach, wring, tumble dry or iron on embellishments.
Natural colors tend to bleed. Wash them separately with less washing agent.",3440,Violet Striped Mangalgiri Cotton Shorts
"//cdn.shopify.com/s/files/1/0534/2501/2925/products/mauve-cotton-corduroy-baggy-shorts-baggy-shorts-701908_{width}x.jpg?v=1625990578,//cdn.shopify.com/s/files/1/0534/2501/2925/products/mauve-cotton-corduroy-baggy-shorts-baggy-shorts-831988_{width}x.jpg?v=1625990578,//cdn.shopify.com/s/files/1/0534/2501/2925/products/mauve-cotton-corduroy-baggy-shorts-baggy-shorts-450708_{width}x.jpg?v=1625990578,//cdn.shopify.com/s/files/1/0534/2501/2925/products/mauve-cotton-corduroy-baggy-shorts-baggy-shorts-320004_{width}x.jpg?v=1625990578,//cdn.shopify.com/s/files/1/0534/2501/2925/products/mauve-cotton-corduroy-baggy-shorts-baggy-shorts-680357_{width}x.jpg?v=1625990578,//cdn.shopify.com/s/files/1/0534/2501/2925/products/mauve-cotton-corduroy-baggy-shorts-baggy-shorts-100693_{width}x.jpg?v=1625990578,//cdn.shopify.com/s/files/1/0534/2501/2925/products/mauve-cotton-corduroy-baggy-shorts-baggy-shorts-950871_{width}x.jpg?v=1625990578","Primary Fabric: 100% Cotton Corduroy
Pattern: Solid, Stripes
Color: Mauve
Button Type: Shell
Style: Baggy, Pleated
Length: Mid-Thigh Length
High Rise waist
Half Elasticated Waist
This garment has Slash Pocket
Number of Pockets: 2
Garment Transparency: Opaque
Comfort Fit
Exposed Zip at Front
Functional Specialty: Fold Up Hem
Wash delicately by hand, or in the most gentle machine cycle.
Iron on reverse. Line dry in the shade.
Do not dry clean, bleach, wring, tumble dry or iron on embellishments.
Natural colors tend to bleed. Wash them separately with less washing agent.",3200,Mauve Cotton Corduroy Baggy Shorts
"//cdn.shopify.com/s/files/1/0534/2501/2925/products/WSRT48AShot1_{width}x.jpg?v=1642053487,//cdn.shopify.com/s/files/1/0534/2501/2925/products/WSRT48AShot2_{width}x.jpg?v=1642053487,//cdn.shopify.com/s/files/1/0534/2501/2925/products/6L3A6320_{width}x.jpg?v=1642053487,//cdn.shopify.com/s/files/1/0534/2501/2925/products/6L3A6279_{width}x.jpg?v=1642053487,//cdn.shopify.com/s/files/1/0534/2501/2925/products/6L3A6310_{width}x.jpg?v=1642053487,//cdn.shopify.com/s/files/1/0534/2501/2925/products/6L3A6297_{width}x.jpg?v=1642053487,//cdn.shopify.com/s/files/1/0534/2501/2925/products/6L3A6321_{width}x.jpg?v=1642053487,//cdn.shopify.com/s/files/1/0534/2501/2925/products/6L3A6303_{width}x.jpg?v=1642053487,//cdn.shopify.com/s/files/1/0534/2501/2925/products/6L3A6323_{width}x.jpg?v=1642053487,//cdn.shopify.com/s/files/1/0534/2501/2925/products/6L3A6281---crop-for-pant_{width}x.jpg?v=1642053487,//cdn.shopify.com/s/files/1/0534/2501/2925/products/6L3A6300_{width}x.jpg?v=1642053487,//cdn.shopify.com/s/files/1/0534/2501/2925/products/6L3A6322_{width}x.jpg?v=1642053487,//cdn.shopify.com/s/files/1/0534/2501/2925/products/6L3A6302_{width}x.jpg?v=1642053479","Primary Fabric: 100% Cotton Flannel
Pattern: Solid
Color: Grape Wine
Button Type: Shell
Style: Convertible Straight Cargo Pant Shorts
Length: Ankle Length when worn as Pant. Mid-Thigh Length when worn as Shorts
Mid Rise waist
Half Elasticated Waist
This garment has Slash Pocket
Number of Pockets: 2
Garment Transparency: Opaque
Relaxed Fit
Exposed Zip at Front
Wash delicately by hand, or in the most gentle machine cycle.
Iron on reverse. Line dry in the shade.
Do not dry clean, bleach, wring, tumble dry or iron on embellishments.
Natural colors tend to bleed. Wash them separately with less washing agent.",4630,Purple Flannel Convertible Pant Shorts
"//cdn.shopify.com/s/files/1/0534/2501/2925/products/white-hand-beaded-short-shorts-short-shorts-244024_{width}x.jpg?v=1625990991,//cdn.shopify.com/s/files/1/0534/2501/2925/products/white-hand-beaded-short-shorts-short-shorts-249070_{width}x.jpg?v=1625990991,//cdn.shopify.com/s/files/1/0534/2501/2925/products/white-hand-beaded-short-shorts-short-shorts-128854_{width}x.jpg?v=1625990991,//cdn.shopify.com/s/files/1/0534/2501/2925/products/white-hand-beaded-short-shorts-short-shorts-924083_{width}x.jpg?v=1625990991,//cdn.shopify.com/s/files/1/0534/2501/2925/products/white-hand-beaded-short-shorts-short-shorts-984262_{width}x.jpg?v=1625990991","Primary Fabric: 100% Cotton
This garment is Hand Beaded
Pattern: Solid
Color: White
Button Type: Wood
Style: Short
Length: Mid-Thigh Length
Mid Rise waist
Banded waist
This garment has Welt Pocket
Number of Pockets: 2
Garment Transparency: Opaque
Slim Fit
Concealed Zip at the Left
Wash delicately by hand, or in the most gentle machine cycle.
Iron on reverse. Line dry in the shade.
Do not dry clean, bleach, wring, tumble dry or iron on embellishments.
Natural colors tend to bleed. Wash them separately with less washing agent.",3020,White Hand Beaded Short Cotton Shorts
"//cdn.shopify.com/s/files/1/0534/2501/2925/products/black-elasticated-short-boxers-short-shorts-591242_{width}x.jpg?v=1625848026,//cdn.shopify.com/s/files/1/0534/2501/2925/products/black-elasticated-short-boxers-short-shorts-815542_{width}x.jpg?v=1625848026,//cdn.shopify.com/s/files/1/0534/2501/2925/products/black-elasticated-short-boxers-short-shorts-596026_{width}x.jpg?v=1625848026,//cdn.shopify.com/s/files/1/0534/2501/2925/products/black-elasticated-short-boxers-short-shorts-468377_{width}x.jpg?v=1625848026,//cdn.shopify.com/s/files/1/0534/2501/2925/products/black-elasticated-short-boxers-short-shorts-922827_{width}x.jpg?v=1625848026","Craft: Bagru Hand Block Print
Primary Fabric: 100% Cotton - Natural Dyed, Hand Block Printed in Bagru (Rajasthan)
Pattern: Geometric
Color: Black
Button Type: Shell
Style: Short, Boxers
Length: Micro Length
Mid Rise waist
Full Elasticated Waist
This garment has Slash Pocket
Number of Pockets: 2
Garment Transparency: Translucent
Comfort Fit
Elasticized Drawstring at Waist
Wash delicately by hand, or in the most gentle machine cycle.
Iron on reverse. Line dry in the shade.
Do not dry clean, bleach, wring, tumble dry or iron on embellishments.
Natural colors tend to bleed. Wash them separately with less washing agent.",2140,Black Elasticated Short Cotton Boxers
"//cdn.shopify.com/s/files/1/0534/2501/2925/products/aqua-blue-tie-dye-short-shorts-short-shorts-411870_{width}x.jpg?v=1626187030,//cdn.shopify.com/s/files/1/0534/2501/2925/products/aqua-blue-tie-dye-short-shorts-short-shorts-570714_{width}x.jpg?v=1626187030,//cdn.shopify.com/s/files/1/0534/2501/2925/products/aqua-blue-tie-dye-short-shorts-short-shorts-751966_{width}x.jpg?v=1626187030,//cdn.shopify.com/s/files/1/0534/2501/2925/products/aqua-blue-tie-dye-short-shorts-short-shorts-718582_{width}x.jpg?v=1626187030,//cdn.shopify.com/s/files/1/0534/2501/2925/products/aqua-blue-tie-dye-short-shorts-short-shorts-521735_{width}x.jpg?v=1626187030,//cdn.shopify.com/s/files/1/0534/2501/2925/products/aqua-blue-tie-dye-short-shorts-short-shorts-238076_{width}x.jpg?v=1626187030,//cdn.shopify.com/s/files/1/0534/2501/2925/products/aqua-blue-tie-dye-short-shorts-short-shorts-184257_{width}x.jpg?v=1626187030","Craft: Tie Dye
Primary Fabric: 100% Cotton - Hand Tie Dyed in Sanganer (Rajasthan)
This is a lined garment
Pattern: Solid, Stripes
Color: Blue
Button Type: Shell
Style: Short
Length: Mid-Thigh Length
Mid Rise waist
Half Elasticated Waist
This garment has Slash Pocket
Number of Pockets: 2
Garment Transparency: Opaque
Comfort Fit
Drawstring at both sides
Wash delicately by hand, or in the most gentle machine cycle.
Iron on reverse. Line dry in the shade.
Do not dry clean, bleach, wring, tumble dry or iron on embellishments.
Natural colors tend to bleed. Wash them separately with less washing agent.",3390,Aqua Blue Hand Tie Dyed Short Shorts
"//cdn.shopify.com/s/files/1/0534/2501/2925/products/mint-green-cotton-chambray-short-shorts-short-shorts-179758_{width}x.jpg?v=1626280045,//cdn.shopify.com/s/files/1/0534/2501/2925/products/mint-green-cotton-chambray-short-shorts-short-shorts-310386_{width}x.jpg?v=1626280045,//cdn.shopify.com/s/files/1/0534/2501/2925/products/mint-green-cotton-chambray-short-shorts-short-shorts-632889_{width}x.jpg?v=1626280045,//cdn.shopify.com/s/files/1/0534/2501/2925/products/mint-green-cotton-chambray-short-shorts-short-shorts-532215_{width}x.jpg?v=1626280045,//cdn.shopify.com/s/files/1/0534/2501/2925/products/mint-green-cotton-chambray-short-shorts-short-shorts-981076_{width}x.jpg?v=1626280045,//cdn.shopify.com/s/files/1/0534/2501/2925/products/mint-green-cotton-chambray-short-shorts-short-shorts-542178_{width}x.jpg?v=1626280045","Primary Fabric: 100% Cotton - Yarn Dyed
This is a lined garment
Pattern: Solid
Color: Mint Green
Style: Short
Length: Mid-Thigh Length
Mid Rise waist
Half Elasticated Waist
This garment has Inseam Pocket
Number of Pockets: 2
Garment Transparency: Opaque
Comfort Fit
Gathers at front
Wash delicately by hand, or in the most gentle machine cycle.
Iron on reverse. Line dry in the shade.
Do not dry clean, bleach, wring, tumble dry or iron on embellishments.
Natural colors tend to bleed. Wash them separately with less washing agent.",3200,Mint Green Cotton Chambray Shorts
"//cdn.shopify.com/s/files/1/0534/2501/2925/products/powder-pink-handspun-paneled-shorts-paneled-shorts-609353_{width}x.jpg?v=1626282304,//cdn.shopify.com/s/files/1/0534/2501/2925/products/powder-pink-handspun-paneled-shorts-paneled-shorts-274630_{width}x.jpg?v=1626282304,//cdn.shopify.com/s/files/1/0534/2501/2925/products/powder-pink-handspun-paneled-shorts-paneled-shorts-267122_{width}x.jpg?v=1626282304,//cdn.shopify.com/s/files/1/0534/2501/2925/products/powder-pink-handspun-paneled-shorts-paneled-shorts-778319_{width}x.jpg?v=1626282304,//cdn.shopify.com/s/files/1/0534/2501/2925/products/powder-pink-handspun-paneled-shorts-paneled-shorts-957734_{width}x.jpg?v=1626282304","Primary Fabric: 100% Cotton Muslin - Yarn Dyed, Azo-Free Dyed, Handspun, Hand Woven in Murshidabad (West Bengal)
This is a lined garment
Pattern: Checks
Color: Powder Pink
Style: Paneled
Length: Micro Length
Mid Rise waist
Full Elasticated Waist
This garment has Slash Pocket
Number of Pockets: 2
Garment Transparency: Opaque
Comfort Fit
Drawstring at waist
Wash delicately by hand, or in the most gentle machine cycle.
Iron on reverse. Line dry in the shade.
Do not dry clean, bleach, wring, tumble dry or iron on embellishments.
Natural colors tend to bleed. Wash them separately with less washing agent.",4450,Powder Pink Handspun Mid Rise Shorts
"//cdn.shopify.com/s/files/1/0534/2501/2925/products/white-handblock-printed-paisley-short-shorts-short-shorts-799175_{width}x.jpg?v=1626371001,//cdn.shopify.com/s/files/1/0534/2501/2925/products/white-handblock-printed-paisley-short-shorts-short-shorts-554380_{width}x.jpg?v=1626371001,//cdn.shopify.com/s/files/1/0534/2501/2925/products/white-handblock-printed-paisley-short-shorts-short-shorts-425966_{width}x.jpg?v=1626371001,//cdn.shopify.com/s/files/1/0534/2501/2925/products/white-handblock-printed-paisley-short-shorts-short-shorts-622898_{width}x.jpg?v=1626371001,//cdn.shopify.com/s/files/1/0534/2501/2925/products/white-handblock-printed-paisley-short-shorts-short-shorts-684463_{width}x.jpg?v=1626371001","Craft: Sanganeri Hand Block Print
Primary Fabric: 100% Cotton - Azo-Free Dyed, Hand Block Printed in Sanganer (Rajasthan)
This is a lined garment
This garment is Hand Embroidered
Pattern: Paisley, Contemporary
Color: White, Pink
Lace: Block-Printed Lace
Style: Short
Length: Mid-Thigh Length
Mid Rise waist
Banded waist
This garment has Inseam Pocket
Number of Pockets: 2
Garment Transparency: Opaque
Relaxed Fit
Tie-Up at waist
Wash delicately by hand, or in the most gentle machine cycle.
Iron on reverse. Line dry in the shade.
Do not dry clean, bleach, wring, tumble dry or iron on embellishments.
Natural colors tend to bleed. Wash them separately with less washing agent.",3800,White Mid Rise Paisley Short Shorts
"//cdn.shopify.com/s/files/1/0534/2501/2925/products/beige-mid-rise-cotton-straight-shorts-straight-shorts-665511_{width}x.jpg?v=1611242420,//cdn.shopify.com/s/files/1/0534/2501/2925/products/beige-mid-rise-cotton-straight-shorts-straight-shorts-112654_{width}x.jpg?v=1611242420,//cdn.shopify.com/s/files/1/0534/2501/2925/products/beige-mid-rise-cotton-straight-shorts-straight-shorts-691123_{width}x.jpg?v=1611242420,//cdn.shopify.com/s/files/1/0534/2501/2925/products/beige-mid-rise-cotton-straight-shorts-straight-shorts-493265_{width}x.jpg?v=1611242420","Primary Fabric: 100% Cotton
Pattern: Solid
Color: Beige
Style: Straight 
Length: Mid-Thigh Length
Mid Rise waist
Full Elasticated Waist
This garment has Inseam Pocket
Number of Pockets: 2
Garment Transparency: Opaque
Comfort Fit
Drawstring at Waist
Wash delicately by hand, or in the most gentle machine cycle.
Iron on reverse. Line dry in the shade.
Do not dry clean, bleach, wring, tumble dry or iron on embellishments.
Natural colors tend to bleed. Wash them separately with less washing agent.",1880,Beige Mid-Rise Cotton Straight Shorts
"//cdn.shopify.com/s/files/1/0534/2501/2925/products/IMG_2137_{width}x.jpg?v=1640772528,//cdn.shopify.com/s/files/1/0534/2501/2925/products/IMG_2136_{width}x.jpg?v=1640772528,//cdn.shopify.com/s/files/1/0534/2501/2925/products/IMG_2133_{width}x.jpg?v=1640772528,//cdn.shopify.com/s/files/1/0534/2501/2925/products/IMG_2142_{width}x.jpg?v=1640772528,//cdn.shopify.com/s/files/1/0534/2501/2925/products/IMG_2141_{width}x.jpg?v=1640772520","Primary Fabric: 100% Cotton
Pattern: Solid
Color: Teal
Style: Straight 
Length: Mid-Thigh Length
Mid Rise waist
Full Elasticated Waist
This garment has Inseam Pocket
Number of Pockets: 2
Garment Transparency: Opaque
Comfort Fit
Drawstring at Waist
Wash delicately by hand, or in the most gentle machine cycle.
Iron on reverse. Line dry in the shade.
Do not dry clean, bleach, wring, tumble dry or iron on embellishments.
Natural colors tend to bleed. Wash them separately with less washing agent.",1880,Teal Mid-Rise Cotton Straight Shorts
"//cdn.shopify.com/s/files/1/0534/2501/2925/products/warm-dusk-beige-cotton-flannel-shorts-short-shorts-198205_{width}x.jpg?v=1626083754,//cdn.shopify.com/s/files/1/0534/2501/2925/products/warm-dusk-beige-cotton-flannel-shorts-short-shorts-293835_{width}x.jpg?v=1626083754,//cdn.shopify.com/s/files/1/0534/2501/2925/products/warm-dusk-beige-cotton-flannel-shorts-short-shorts-925155_{width}x.jpg?v=1626083754,//cdn.shopify.com/s/files/1/0534/2501/2925/products/warm-dusk-beige-cotton-flannel-shorts-short-shorts-145757_{width}x.jpg?v=1626083754,//cdn.shopify.com/s/files/1/0534/2501/2925/products/warm-dusk-beige-cotton-flannel-shorts-short-shorts-113220_{width}x.jpg?v=1626083754","Primary Fabric: 100% Cotton Flannel
Pattern: Solid
Color: Dusk Beige
Button Type: Coconut
Style: Short
Length: Mid-Thigh Length
High Rise waist
Banded waist
This garment has Inseam Pocket
Number of Pockets: 2
Garment Transparency: Opaque
Slim Fit
Exposed Zip at Front
Wash delicately by hand, or in the most gentle machine cycle.
Iron on reverse. Line dry in the shade.
Do not dry clean, bleach, wring, tumble dry or iron on embellishments.
Natural colors tend to bleed. Wash them separately with less washing agent.",3390,Warm Dusk Beige Cotton Flannel Shorts
"//cdn.shopify.com/s/files/1/0534/2501/2925/products/powder-blue-vegetable-dyed-handspun-short-shorts-short-shorts-323649_{width}x.jpg?v=1626282234,//cdn.shopify.com/s/files/1/0534/2501/2925/products/powder-blue-vegetable-dyed-handspun-short-shorts-short-shorts-832460_{width}x.jpg?v=1626282234,//cdn.shopify.com/s/files/1/0534/2501/2925/products/powder-blue-vegetable-dyed-handspun-short-shorts-short-shorts-569170_{width}x.jpg?v=1626282234,//cdn.shopify.com/s/files/1/0534/2501/2925/products/powder-blue-vegetable-dyed-handspun-short-shorts-short-shorts-380090_{width}x.jpg?v=1626282234,//cdn.shopify.com/s/files/1/0534/2501/2925/products/powder-blue-vegetable-dyed-handspun-short-shorts-short-shorts-515609_{width}x.jpg?v=1626282234,//cdn.shopify.com/s/files/1/0534/2501/2925/products/powder-blue-vegetable-dyed-handspun-short-shorts-short-shorts-276819_{width}x.jpg?v=1626282234","Primary Fabric: 100% Cotton - Vegetable Dyed in Ahmedabad (Gujarat), Handspun, Hand Woven in Nagri (Tamil Nadu)
Pattern: Solid
Color: Powder Blue
Style: Short
Length: Mid-Thigh Length
Mid Rise waist
Full Elasticated Waist, Attached Belt at Waist
This garment has Patch Pocket, Mobile Pocket
Number of Pockets: 4
Garment Transparency: Opaque
Comfort Fit
Wash delicately by hand, or in the most gentle machine cycle.
Iron on reverse. Line dry in the shade.
Do not dry clean, bleach, wring, tumble dry or iron on embellishments.
Natural colors tend to bleed. Wash them separately with less washing agent.",4660,Powder Blue Vegetable Dyed Handspun Short Shorts
"//cdn.shopify.com/s/files/1/0534/2501/2925/products/rust-vegetable-dyed-handspun-short-shorts-short-shorts-117885_{width}x.jpg?v=1626282778,//cdn.shopify.com/s/files/1/0534/2501/2925/products/rust-vegetable-dyed-handspun-short-shorts-short-shorts-529557_{width}x.jpg?v=1626282778,//cdn.shopify.com/s/files/1/0534/2501/2925/products/rust-vegetable-dyed-handspun-short-shorts-short-shorts-544971_{width}x.jpg?v=1626282778,//cdn.shopify.com/s/files/1/0534/2501/2925/products/rust-vegetable-dyed-handspun-short-shorts-short-shorts-357087_{width}x.jpg?v=1626282778,//cdn.shopify.com/s/files/1/0534/2501/2925/products/rust-vegetable-dyed-handspun-short-shorts-short-shorts-292549_{width}x.jpg?v=1626282778,//cdn.shopify.com/s/files/1/0534/2501/2925/products/rust-vegetable-dyed-handspun-short-shorts-short-shorts-541891_{width}x.jpg?v=1626282778","Primary Fabric: 100% Cotton - Vegetable Dyed in Ahmedabad (Gujarat), Handspun, Hand Woven in Nagri (Tamil Nadu)
Pattern: Solid
Color: Rust
Style: Short
Length: Mid-Thigh Length
Mid Rise waist
Full Elasticated Waist, Attached Belt at Waist
This garment has Patch Pocket, Mobile Pocket
Number of Pockets: 4
Garment Transparency: Opaque
Comfort Fit
Wash delicately by hand, or in the most gentle machine cycle.
Iron on reverse. Line dry in the shade.
Do not dry clean, bleach, wring, tumble dry or iron on embellishments.
Natural colors tend to bleed. Wash them separately with less washing agent.",4660,Rust Vegetable Dyed Handspun Short Shorts
"//cdn.shopify.com/s/files/1/0534/2501/2925/products/olive-green-cotton-straight-shorts-straight-shorts-148624_{width}x.jpg?v=1611242437,//cdn.shopify.com/s/files/1/0534/2501/2925/products/olive-green-cotton-straight-shorts-straight-shorts-974322_{width}x.jpg?v=1611242437,//cdn.shopify.com/s/files/1/0534/2501/2925/products/olive-green-cotton-straight-shorts-straight-shorts-403116_{width}x.jpg?v=1611242437,//cdn.shopify.com/s/files/1/0534/2501/2925/products/olive-green-cotton-straight-shorts-straight-shorts-685767_{width}x.jpg?v=1611242437,//cdn.shopify.com/s/files/1/0534/2501/2925/products/olive-green-cotton-straight-shorts-straight-shorts-553617_{width}x.jpg?v=1611242437","Primary Fabric: 100% Cotton
Pattern: Solid
Color: Olive Green
Style: Straight 
Length: Mid-Thigh Length
Mid Rise waist
Full Elasticated Waist
This garment has Inseam Pocket
Number of Pockets: 2
Garment Transparency: Opaque
Comfort Fit
Drawstring at Waist
Wash delicately by hand, or in the most gentle machine cycle.
Iron on reverse. Line dry in the shade.
Do not dry clean, bleach, wring, tumble dry or iron on embellishments.
Natural colors tend to bleed. Wash them separately with less washing agent.",1880,Olive Green Cotton Straight Shorts
"//cdn.shopify.com/s/files/1/0534/2501/2925/products/JNPR3311_139c52a6-d380-4451-9b09-d65833ae47ac_{width}x.jpg?v=1640770756,//cdn.shopify.com/s/files/1/0534/2501/2925/products/JNPR3308_d0042ac0-8751-43a7-ac51-f538ba625d06_{width}x.jpg?v=1640770769,//cdn.shopify.com/s/files/1/0534/2501/2925/products/JNPR3301_98320ddb-c017-4b0b-b3bb-60053f5572ff_{width}x.jpg?v=1640770769,//cdn.shopify.com/s/files/1/0534/2501/2925/products/JNPR3316_9952abf8-9c5a-4bed-be5f-6e4d3f3cf79a_{width}x.jpg?v=1640770769,//cdn.shopify.com/s/files/1/0534/2501/2925/products/JNPR3304_a76078cd-90b4-42f5-b9ea-91b50c182a50_{width}x.jpg?v=1640770769","Primary Fabric: 100% Cotton
Pattern: Solid
Color: Teal
Button Type: Shell
Style: Short
Length: Mid-Thigh Length
Low Rise waist
Half Elasticated Waist
This garment has Slash Pocket
Number of Pockets: 2
Garment Transparency: Opaque
Comfort Fit
Drawstring at waist
Functional Specialty: Curved Hem
Wash delicately by hand, or in the most gentle machine cycle.
Iron on reverse. Line dry in the shade.
Do not dry clean, bleach, wring, tumble dry or iron on embellishments.
Natural colors tend to bleed. Wash them separately with less washing agent.",3140,Teal Blue Low Rise Short Cotton Shorts
"//cdn.shopify.com/s/files/1/0534/2501/2925/products/blue-sanganeri-print-floral-short-shorts-short-shorts-390135_{width}x.jpg?v=1625849045,//cdn.shopify.com/s/files/1/0534/2501/2925/products/blue-sanganeri-print-floral-short-shorts-short-shorts-771677_{width}x.jpg?v=1625849045,//cdn.shopify.com/s/files/1/0534/2501/2925/products/blue-sanganeri-print-floral-short-shorts-short-shorts-264892_{width}x.jpg?v=1625849045,//cdn.shopify.com/s/files/1/0534/2501/2925/products/blue-sanganeri-print-floral-short-shorts-short-shorts-369121_{width}x.jpg?v=1625849045,//cdn.shopify.com/s/files/1/0534/2501/2925/products/blue-sanganeri-print-floral-short-shorts-short-shorts-868659_{width}x.jpg?v=1625849045","Craft: Sanganeri Hand Block Print
Primary Fabric: 100% Cotton - Hand Block Printed in Sanganer (Rajasthan)
This is a lined garment
Pattern: Floral
Color: Blue
Style: Short
Length: Micro Length
Mid Rise waist
Half Elasticated Waist
This garment has Slash Pocket
Number of Pockets: 2
Garment Transparency: Opaque
Relaxed Fit
Drawstring at Waist
Wash delicately by hand, or in the most gentle machine cycle.
Iron on reverse. Line dry in the shade.
Do not dry clean, bleach, wring, tumble dry or iron on embellishments.
Natural colors tend to bleed. Wash them separately with less washing agent.",2730,Blue Sanganeri Print Floral Short Shorts
"//cdn.shopify.com/s/files/1/0534/2501/2925/products/beige-solid-cotton-short-shorts-short-shorts-131671_{width}x.jpg?v=1611250601,//cdn.shopify.com/s/files/1/0534/2501/2925/products/beige-solid-cotton-short-shorts-short-shorts-521202_{width}x.jpg?v=1611250601,//cdn.shopify.com/s/files/1/0534/2501/2925/products/beige-solid-cotton-short-shorts-short-shorts-114410_{width}x.jpg?v=1611250601,//cdn.shopify.com/s/files/1/0534/2501/2925/products/beige-solid-cotton-short-shorts-short-shorts-535108_{width}x.jpg?v=1611250601,//cdn.shopify.com/s/files/1/0534/2501/2925/products/beige-solid-cotton-short-shorts-short-shorts-786730_{width}x.jpg?v=1611250601","Primary Fabric: 100% Cotton
Pattern: Solid
Color: Beige
Style: Short
Length: Mid-Thigh Length
Mid Rise waist
Full Elasticated Waist
This garment has Slash Pocket, Mobile Pocket
Number of Pockets: 3
Garment Transparency: Opaque
Relaxed Fit
Wash delicately by hand, or in the most gentle machine cycle.
Iron on reverse. Line dry in the shade.
Do not dry clean, bleach, wring, tumble dry or iron on embellishments.
Natural colors tend to bleed. Wash them separately with less washing agent.",2460,Beige Solid Cotton Short Shorts
"//cdn.shopify.com/s/files/1/0534/2501/2925/products/brick-red-vegetable-dyed-handspun-short-shorts-short-shorts-663628_{width}x.jpg?v=1626188524,//cdn.shopify.com/s/files/1/0534/2501/2925/products/brick-red-vegetable-dyed-handspun-short-shorts-short-shorts-577627_{width}x.jpg?v=1626188524,//cdn.shopify.com/s/files/1/0534/2501/2925/products/brick-red-vegetable-dyed-handspun-short-shorts-short-shorts-578294_{width}x.jpg?v=1626188524,//cdn.shopify.com/s/files/1/0534/2501/2925/products/brick-red-vegetable-dyed-handspun-short-shorts-short-shorts-461294_{width}x.jpg?v=1626188524,//cdn.shopify.com/s/files/1/0534/2501/2925/products/brick-red-vegetable-dyed-handspun-short-shorts-short-shorts-392414_{width}x.jpg?v=1626188524,//cdn.shopify.com/s/files/1/0534/2501/2925/products/brick-red-vegetable-dyed-handspun-short-shorts-short-shorts-354640_{width}x.jpg?v=1626188524","Primary Fabric: 100% Cotton - Vegetable Dyed in Ahmedabad (Gujarat), Handspun, Hand Woven in Nagri (Tamil Nadu)
Pattern: Solid
Color: Brick Red
Style: Short
Length: Mid-Thigh Length
Mid Rise waist
Full Elasticated Waist, Attached Belt at Waist
This garment has Patch Pocket, Mobile Pocket
Number of Pockets: 4
Garment Transparency: Opaque
Comfort Fit
Wash delicately by hand, or in the most gentle machine cycle.
Iron on reverse. Line dry in the shade.
Do not dry clean, bleach, wring, tumble dry or iron on embellishments.
Natural colors tend to bleed. Wash them separately with less washing agent.",4660,Brick Red Vegetable Dyed Handspun Short Shorts
"//cdn.shopify.com/s/files/1/0534/2501/2925/products/striped-mobile-pocket-short-shorts-short-shorts-367433_{width}x.jpg?v=1626171990,//cdn.shopify.com/s/files/1/0534/2501/2925/products/striped-mobile-pocket-short-shorts-short-shorts-511714_{width}x.jpg?v=1626171990,//cdn.shopify.com/s/files/1/0534/2501/2925/products/striped-mobile-pocket-short-shorts-short-shorts-997255_{width}x.jpg?v=1626171990,//cdn.shopify.com/s/files/1/0534/2501/2925/products/striped-mobile-pocket-short-shorts-short-shorts-429509_{width}x.jpg?v=1626171990,//cdn.shopify.com/s/files/1/0534/2501/2925/products/striped-mobile-pocket-short-shorts-short-shorts-306455_{width}x.jpg?v=1626171990","Craft: Bagru Hand Block Print
Primary Fabric: 100% Cotton - Natural Dyed, Hand Block Printed in Bagru (Rajasthan)
Pattern: Stripes
Color: Black
Button Type: Wood
Style: Short
Length: Mid-Thigh Length
Mid Rise waist
This garment has Slash Pocket, Mobile Pocket
Number of Pockets: 4
Garment Transparency: Translucent
Slim Fit
Belt Loops 
Exposed Zip at Front
Wash delicately by hand, or in the most gentle machine cycle.
Iron on reverse. Line dry in the shade.
Do not dry clean, bleach, wring, tumble dry or iron on embellishments.
Natural colors tend to bleed. Wash them separately with less washing agent.",3010,Striped Mobile Pocket Bagru Short Shorts
"//cdn.shopify.com/s/files/1/0534/2501/2925/products/mint-green-handspun-mid-rise-shorts-short-shorts-849884_{width}x.jpg?v=1626080718,//cdn.shopify.com/s/files/1/0534/2501/2925/products/mint-green-handspun-mid-rise-shorts-short-shorts-881441_{width}x.jpg?v=1626080718,//cdn.shopify.com/s/files/1/0534/2501/2925/products/mint-green-handspun-mid-rise-shorts-short-shorts-572218_{width}x.jpg?v=1626080718,//cdn.shopify.com/s/files/1/0534/2501/2925/products/mint-green-handspun-mid-rise-shorts-short-shorts-234023_{width}x.jpg?v=1626080718,//cdn.shopify.com/s/files/1/0534/2501/2925/products/mint-green-handspun-mid-rise-shorts-short-shorts-587743_{width}x.jpg?v=1626080718,//cdn.shopify.com/s/files/1/0534/2501/2925/products/mint-green-handspun-mid-rise-shorts-short-shorts-321814_{width}x.jpg?v=1626080718","Primary Fabric: 100% Cotton - Yarn Dyed, Azo-Free Dyed, Handspun, Hand Woven in Murshidabad (West Bengal)
This is a lined garment
Pattern: Solid
Color: Mint Green
Button Type: Shell
Style: Short
Length: Mid-Thigh Length
Mid Rise waist
Half Elasticated Waist, Banded waist
This garment has Welt Pocket, Patch Pocket, Flap Pocket
Number of Pockets: 4
Garment Transparency: Opaque
Relaxed Fit
Wash delicately by hand, or in the most gentle machine cycle.
Iron on reverse. Line dry in the shade.
Do not dry clean, bleach, wring, tumble dry or iron on embellishments.
Natural colors tend to bleed. Wash them separately with less washing agent.",3570,Mint Green Handspun Mid-Rise Shorts
"//cdn.shopify.com/s/files/1/0534/2501/2925/products/ash-grey-flannel-convertible-pant-shorts-pant-shorts-753382_{width}x.jpg?v=1630140008,//cdn.shopify.com/s/files/1/0534/2501/2925/products/ash-grey-flannel-convertible-pant-shorts-pant-shorts-251847_{width}x.jpg?v=1611242357,//cdn.shopify.com/s/files/1/0534/2501/2925/products/ash-grey-flannel-convertible-pant-shorts-pant-shorts-143366_{width}x.jpg?v=1611242357,//cdn.shopify.com/s/files/1/0534/2501/2925/products/ash-grey-flannel-convertible-pant-shorts-pant-shorts-352315_{width}x.jpg?v=1611242358,//cdn.shopify.com/s/files/1/0534/2501/2925/products/ash-grey-flannel-convertible-pant-shorts-pant-shorts-380806_{width}x.jpg?v=1611242358,//cdn.shopify.com/s/files/1/0534/2501/2925/products/ash-grey-flannel-convertible-pant-shorts-pant-shorts-199819_{width}x.jpg?v=1611242358,//cdn.shopify.com/s/files/1/0534/2501/2925/products/ash-grey-flannel-convertible-pant-shorts-pant-shorts-281145_{width}x.jpg?v=1611242358,//cdn.shopify.com/s/files/1/0534/2501/2925/products/ash-grey-flannel-convertible-pant-shorts-pant-shorts-784625_{width}x.jpg?v=1611242358,//cdn.shopify.com/s/files/1/0534/2501/2925/products/ash-grey-flannel-convertible-pant-shorts-pant-shorts-184982_{width}x.jpg?v=1611242358,//cdn.shopify.com/s/files/1/0534/2501/2925/products/ash-grey-flannel-convertible-pant-shorts-pant-shorts-401506_{width}x.jpg?v=1611242358,//cdn.shopify.com/s/files/1/0534/2501/2925/products/ash-grey-flannel-convertible-pant-shorts-pant-shorts-278156_{width}x.jpg?v=1611242358,//cdn.shopify.com/s/files/1/0534/2501/2925/products/ash-grey-flannel-convertible-pant-shorts-pant-shorts-497811_{width}x.jpg?v=1611242358,//cdn.shopify.com/s/files/1/0534/2501/2925/products/ash-grey-flannel-convertible-pant-shorts-pant-shorts-401993_{width}x.jpg?v=1611242358","Primary Fabric: 100% Cotton Flannel
Pattern: Solid
Color: Ash Grey
Button Type: Shell
Style: Convertible Straight Cargo Pant Shorts
Length: Ankle Length when worn as Pant. Mid-Thigh Length when worn as Shorts
Mid Rise waist
Half Elasticated Waist
This garment has Slash Pocket
Number of Pockets: 2
Garment Transparency: Opaque
Relaxed Fit
Exposed Zip at Front
Wash delicately by hand, or in the most gentle machine cycle.
Iron on reverse. Line dry in the shade.
Do not dry clean, bleach, wring, tumble dry or iron on embellishments.
Natural colors tend to bleed. Wash them separately with less washing agent.",4630,Ash Grey Flannel Convertible Pant Shorts
"//cdn.shopify.com/s/files/1/0534/2501/2925/products/sky-blue-crinkled-cotton-short-shorts-short-shorts-561579_{width}x.jpg?v=1625850697,//cdn.shopify.com/s/files/1/0534/2501/2925/products/sky-blue-crinkled-cotton-short-shorts-short-shorts-462658_{width}x.jpg?v=1625850697,//cdn.shopify.com/s/files/1/0534/2501/2925/products/sky-blue-crinkled-cotton-short-shorts-short-shorts-521363_{width}x.jpg?v=1625850698,//cdn.shopify.com/s/files/1/0534/2501/2925/products/sky-blue-crinkled-cotton-short-shorts-short-shorts-106361_{width}x.jpg?v=1625850697,//cdn.shopify.com/s/files/1/0534/2501/2925/products/sky-blue-crinkled-cotton-short-shorts-short-shorts-284311_{width}x.jpg?v=1625850697,//cdn.shopify.com/s/files/1/0534/2501/2925/products/sky-blue-crinkled-cotton-short-shorts-short-shorts-262102_{width}x.jpg?v=1625850697,//cdn.shopify.com/s/files/1/0534/2501/2925/products/sky-blue-crinkled-cotton-short-shorts-short-shorts-656328_{width}x.jpg?v=1625850698","Primary Fabric: 100% Cotton - Yarn Dyed, Crinkled
Pattern: Stripes
Color: Sky Blue
Style: Short
Length: Mid-Thigh Length
Mid Rise waist
Half Elasticated Waist
This garment has Inseam Pocket
Number of Pockets: 2
Garment Transparency: Translucent
Comfort Fit
Gathers at waist
Wash delicately by hand, or in the most gentle machine cycle.
Iron on reverse. Line dry in the shade.
Do not dry clean, bleach, wring, tumble dry or iron on embellishments.
Natural colors tend to bleed. Wash them separately with less washing agent.",3520,Sky Blue Crinkled Cotton Short Shorts
"//cdn.shopify.com/s/files/1/0534/2501/2925/products/cozy-handspun-paneled-shorts-paneled-shorts-852173_{width}x.jpg?v=1645940268,//cdn.shopify.com/s/files/1/0534/2501/2925/products/cozy-handspun-paneled-shorts-paneled-shorts-576924_{width}x.jpg?v=1645940268,//cdn.shopify.com/s/files/1/0534/2501/2925/products/cozy-handspun-paneled-shorts-paneled-shorts-511868_{width}x.jpg?v=1645940268,//cdn.shopify.com/s/files/1/0534/2501/2925/products/cozy-handspun-paneled-shorts-paneled-shorts-541112_{width}x.jpg?v=1645940268,//cdn.shopify.com/s/files/1/0534/2501/2925/products/cozy-handspun-paneled-shorts-paneled-shorts-359948_{width}x.jpg?v=1645940268","Length: Mid-Thigh Length
Mid Rise waist
Half Elasticated Waist, Banded waist
This garment has Welt Pocket
Number of Pockets: 2
Garment Transparency: Opaque
Comfort Fit
Wash delicately by hand, or in the most gentle machine cycle.
Iron on reverse. Line dry in the shade.
Do not dry clean, bleach, wring, tumble dry or iron on embellishments.
Natural colors tend to bleed. Wash them separately with less washing agent.",4450,Handspun Cotton Striped Paneled Shorts
"//cdn.shopify.com/s/files/1/0534/2501/2925/products/almond-brown-handspun-paperbag-shorts-paperbag-shorts-756725_{width}x.jpg?v=1645940272,//cdn.shopify.com/s/files/1/0534/2501/2925/products/almond-brown-handspun-paperbag-shorts-paperbag-shorts-935097_{width}x.jpg?v=1645940272,//cdn.shopify.com/s/files/1/0534/2501/2925/products/almond-brown-handspun-paperbag-shorts-paperbag-shorts-651633_{width}x.jpg?v=1645940272,//cdn.shopify.com/s/files/1/0534/2501/2925/products/almond-brown-handspun-paperbag-shorts-paperbag-shorts-877490_{width}x.jpg?v=1645940272,//cdn.shopify.com/s/files/1/0534/2501/2925/products/almond-brown-handspun-paperbag-shorts-paperbag-shorts-683336_{width}x.jpg?v=1645940272","Length: Mid-Thigh Length
High Rise waist
Detached Belt at Waist
This garment has Slash Pocket
Number of Pockets: 2
Garment Transparency: Opaque
Comfort Fit
Tie-Up at waist
Exposed Zip at Front
Belt Loops 
Wash delicately by hand, or in the most gentle machine cycle.
Iron on reverse. Line dry in the shade.
Do not dry clean, bleach, wring, tumble dry or iron on embellishments.
Natural colors tend to bleed. Wash them separately with less washing agent.",4590,Almond Brown Handspun Paperbag Shorts
"//cdn.shopify.com/s/files/1/0534/2501/2925/products/magenta-mangalgiri-cotton-mid-rise-shorts-godet-shorts-224468_{width}x.jpg?v=1645940262,//cdn.shopify.com/s/files/1/0534/2501/2925/products/magenta-mangalgiri-cotton-mid-rise-shorts-godet-shorts-390782_{width}x.jpg?v=1645940262,//cdn.shopify.com/s/files/1/0534/2501/2925/products/magenta-mangalgiri-cotton-mid-rise-shorts-godet-shorts-728981_{width}x.jpg?v=1645940262,//cdn.shopify.com/s/files/1/0534/2501/2925/products/magenta-mangalgiri-cotton-mid-rise-shorts-godet-shorts-329327_{width}x.jpg?v=1645940262,//cdn.shopify.com/s/files/1/0534/2501/2925/products/magenta-mangalgiri-cotton-mid-rise-shorts-godet-shorts-319352_{width}x.jpg?v=1645940262,//cdn.shopify.com/s/files/1/0534/2501/2925/products/magenta-mangalgiri-cotton-mid-rise-shorts-godet-shorts-610626_{width}x.jpg?v=1645940262","Length: Mid-Thigh Length
Mid Rise waist
Half Elasticated Waist
This garment has Inseam Pocket
Number of Pockets: 2
Garment Transparency: Translucent
Relaxed Fit
Wash delicately by hand, or in the most gentle machine cycle.
Iron on reverse. Line dry in the shade.
Do not dry clean, bleach, wring, tumble dry or iron on embellishments.
Natural colors tend to bleed. Wash them separately with less washing agent.",3300,Magenta Mangalgiri Cotton Mid Rise Shorts
"//cdn.shopify.com/s/files/1/0534/2501/2925/products/brown-mangalgiri-cotton-short-shorts-short-shorts-231365_{width}x.jpg?v=1645940257,//cdn.shopify.com/s/files/1/0534/2501/2925/products/brown-mangalgiri-cotton-short-shorts-short-shorts-371978_{width}x.jpg?v=1645940257,//cdn.shopify.com/s/files/1/0534/2501/2925/products/brown-mangalgiri-cotton-short-shorts-short-shorts-519418_{width}x.jpg?v=1645940257,//cdn.shopify.com/s/files/1/0534/2501/2925/products/brown-mangalgiri-cotton-short-shorts-short-shorts-108690_{width}x.jpg?v=1645940257,//cdn.shopify.com/s/files/1/0534/2501/2925/products/brown-mangalgiri-cotton-short-shorts-short-shorts-979275_{width}x.jpg?v=1645940257","Mid Rise waist
Half Elasticated Waist
This garment has Slash Pocket, Rounded Pocket
Number of Pockets: 2
Garment Transparency: Opaque
Relaxed Fit
Pin Tucks at front
Wash delicately by hand, or in the most gentle machine cycle.
Iron on reverse. Line dry in the shade.
Do not dry clean, bleach, wring, tumble dry or iron on embellishments.
Natural colors tend to bleed. Wash them separately with less washing agent.",3360,Pink Mangalgiri Casual Cotton Shorts
"//cdn.shopify.com/s/files/1/0534/2501/2925/products/handspun-solid-red-casual-cotton-shorts-short-shorts-350110_{width}x.jpg?v=1626191935,//cdn.shopify.com/s/files/1/0534/2501/2925/products/handspun-solid-red-casual-cotton-shorts-short-shorts-484823_{width}x.jpg?v=1626191935,//cdn.shopify.com/s/files/1/0534/2501/2925/products/handspun-solid-red-casual-cotton-shorts-short-shorts-548788_{width}x.jpg?v=1626191935,//cdn.shopify.com/s/files/1/0534/2501/2925/products/handspun-solid-red-casual-cotton-shorts-short-shorts-734030_{width}x.jpg?v=1626191935,//cdn.shopify.com/s/files/1/0534/2501/2925/products/handspun-solid-red-casual-cotton-shorts-short-shorts-566447_{width}x.jpg?v=1626191935","Mid Rise waist
Half Elasticated Waist
This garment has Slash Pocket, Rounded Pocket
Number of Pockets: 2
Garment Transparency: Opaque
Relaxed Fit
Pin Tucks at Front
Wash delicately by hand, or in the most gentle machine cycle.
Iron on reverse. Line dry in the shade.
Do not dry clean, bleach, wring, tumble dry or iron on embellishments.
Natural colors tend to bleed. Wash them separately with less washing agent.",3100,Handspun Solid Red Casual Cotton Shorts
"//cdn.shopify.com/s/files/1/0534/2501/2925/products/off-white-striped-mid-rise-shorts-short-shorts-129875_{width}x.jpg?v=1645940250,//cdn.shopify.com/s/files/1/0534/2501/2925/products/off-white-striped-mid-rise-shorts-short-shorts-570662_{width}x.jpg?v=1645940251,//cdn.shopify.com/s/files/1/0534/2501/2925/products/off-white-striped-mid-rise-shorts-short-shorts-730860_{width}x.jpg?v=1645940251,//cdn.shopify.com/s/files/1/0534/2501/2925/products/off-white-striped-mid-rise-shorts-short-shorts-734502_{width}x.jpg?v=1645940251,//cdn.shopify.com/s/files/1/0534/2501/2925/products/off-white-striped-mid-rise-shorts-short-shorts-841561_{width}x.jpg?v=1645940251","Mid Rise waist
Half Elasticated Waist
This garment has Inseam Pocket
Number of Pockets: 2
Garment Transparency: Opaque
Comfort Fit
Box Pleats at Front
Wash delicately by hand, or in the most gentle machine cycle.
Iron on reverse. Line dry in the shade.
Do not dry clean, bleach, wring, tumble dry or iron on embellishments.
Natural colors tend to bleed. Wash them separately with less washing agent.",2560,Off-White Striped Mid-Rise Shorts
"//cdn.shopify.com/s/files/1/0534/2501/2925/products/mint-green-tie-dye-bermuda-shorts-bermuda-shorts-467772_{width}x.jpg?v=1625990180,//cdn.shopify.com/s/files/1/0534/2501/2925/products/mint-green-tie-dye-bermuda-shorts-bermuda-shorts-662673_{width}x.jpg?v=1625990180,//cdn.shopify.com/s/files/1/0534/2501/2925/products/mint-green-tie-dye-bermuda-shorts-bermuda-shorts-491595_{width}x.jpg?v=1625990180,//cdn.shopify.com/s/files/1/0534/2501/2925/products/mint-green-tie-dye-bermuda-shorts-bermuda-shorts-871514_{width}x.jpg?v=1625990180,//cdn.shopify.com/s/files/1/0534/2501/2925/products/mint-green-tie-dye-bermuda-shorts-bermuda-shorts-446455_{width}x.jpg?v=1625990180,//cdn.shopify.com/s/files/1/0534/2501/2925/products/mint-green-tie-dye-bermuda-shorts-bermuda-shorts-906073_{width}x.jpg?v=1625990180,//cdn.shopify.com/s/files/1/0534/2501/2925/products/mint-green-tie-dye-bermuda-shorts-bermuda-shorts-950368_{width}x.jpg?v=1625990180","Craft: Tie Dye
Primary Fabric: 100% Cotton - Hand Tie Dyed in Sanganer (Rajasthan)
This is a lined garment
Pattern: Solid, Stripes
Color: Mint Green
Button Type: Shell
Style: Bermuda
Length: Above-The-Knee
Mid Rise waist
Full Elasticated Waist
This garment has Inseam Pocket
Number of Pockets: 2
Garment Transparency: Opaque
Loose Fit
Drawstring at waist
Wash delicately by hand, or in the most gentle machine cycle.
Iron on reverse. Line dry in the shade.
Do not dry clean, bleach, wring, tumble dry or iron on embellishments.
Natural colors tend to bleed. Wash them separately with less washing agent.",2970,Mint Green Tie and Dye Bermuda Shorts
"//cdn.shopify.com/s/files/1/0534/2501/2925/products/navy-blue-striped-paneled-shorts-paneled-shorts-861032_{width}x.jpg?v=1611241305,//cdn.shopify.com/s/files/1/0534/2501/2925/products/navy-blue-striped-paneled-shorts-paneled-shorts-643629_{width}x.jpg?v=1611241305,//cdn.shopify.com/s/files/1/0534/2501/2925/products/navy-blue-striped-paneled-shorts-paneled-shorts-446502_{width}x.jpg?v=1611241305,//cdn.shopify.com/s/files/1/0534/2501/2925/products/navy-blue-striped-paneled-shorts-paneled-shorts-340285_{width}x.jpg?v=1611241305,//cdn.shopify.com/s/files/1/0534/2501/2925/products/navy-blue-striped-paneled-shorts-paneled-shorts-653218_{width}x.jpg?v=1611241305,//cdn.shopify.com/s/files/1/0534/2501/2925/products/navy-blue-striped-paneled-shorts-paneled-shorts-919867_{width}x.jpg?v=1611241305","Mid Rise waist
This garment has Inseam Pocket
Number of Pockets: 2
Garment Transparency: Opaque
Comfort Fit
Elasticated at Side Panels of Waist
Wash delicately by hand, or in the most gentle machine cycle.
Iron on reverse. Line dry in the shade.
Do not dry clean, bleach, wring, tumble dry or iron on embellishments.
Natural colors tend to bleed. Wash them separately with less washing agent.",2580,Navy Blue Striped Paneled Shorts
"//cdn.shopify.com/s/files/1/0534/2501/2925/products/red-yarn-dyed-cotton-pleated-shorts-pleated-shorts-935772_{width}x.jpg?v=1625848592,//cdn.shopify.com/s/files/1/0534/2501/2925/products/red-yarn-dyed-cotton-pleated-shorts-pleated-shorts-589634_{width}x.jpg?v=1625848592,//cdn.shopify.com/s/files/1/0534/2501/2925/products/red-yarn-dyed-cotton-pleated-shorts-pleated-shorts-300859_{width}x.jpg?v=1625848592,//cdn.shopify.com/s/files/1/0534/2501/2925/products/red-yarn-dyed-cotton-pleated-shorts-pleated-shorts-431036_{width}x.jpg?v=1625848592","Mid Rise waist
Half Elasticated Waist
This garment has Inseam Pocket
Number of Pockets: 2
Garment Transparency: Opaque
Comfort Fit
Drawstring at waist
Wash delicately by hand, or in the most gentle machine cycle.
Iron on reverse. Line dry in the shade.
Do not dry clean, bleach, wring, tumble dry or iron on embellishments.
Natural colors tend to bleed. Wash them separately with less washing agent.",4210,Red Yarn Dyed Mid Rise Flared Shorts
"//cdn.shopify.com/s/files/1/0534/2501/2925/products/JNPR3304_{width}x.jpg?v=1639981239,//cdn.shopify.com/s/files/1/0534/2501/2925/products/JNPR3316_{width}x.jpg?v=1639981246,//cdn.shopify.com/s/files/1/0534/2501/2925/products/JNPR3301_{width}x.jpg?v=1639981246,//cdn.shopify.com/s/files/1/0534/2501/2925/products/JNPR3308_{width}x.jpg?v=1639981246,//cdn.shopify.com/s/files/1/0534/2501/2925/products/JNPR3311_{width}x.jpg?v=1639981246","Primary Fabric: 100% Cotton
Pattern: Solid
Color: Beige
Button Type: Shell
Style: Short
Length: Mid-Thigh Length
Low Rise waist
Half Elasticated Waist
This garment has Slash Pocket
Number of Pockets: 2
Garment Transparency: Opaque
Comfort Fit
Drawstring at waist
Functional Specialty: Curved Hem
Wash delicately by hand, or in the most gentle machine cycle.
Iron on reverse. Line dry in the shade.
Do not dry clean, bleach, wring, tumble dry or iron on embellishments.
Natural colors tend to bleed. Wash them separately with less washing agent.",3130,Beige 100% Cotton Low-Rise Short Shorts
"//cdn.shopify.com/s/files/1/0534/2501/2925/products/vintage-plum-100-cotton-khadi-short-shorts-short-shorts-924665_{width}x.jpg?v=1630997464,//cdn.shopify.com/s/files/1/0534/2501/2925/products/vintage-plum-100-cotton-khadi-short-shorts-short-shorts-315436_{width}x.jpg?v=1630997464,//cdn.shopify.com/s/files/1/0534/2501/2925/products/vintage-plum-100-cotton-khadi-short-shorts-short-shorts-694209_{width}x.jpg?v=1630997465,//cdn.shopify.com/s/files/1/0534/2501/2925/products/vintage-plum-100-cotton-khadi-short-shorts-short-shorts-668443_{width}x.jpg?v=1630997465,//cdn.shopify.com/s/files/1/0534/2501/2925/products/vintage-plum-100-cotton-khadi-short-shorts-short-shorts-784411_{width}x.jpg?v=1630997465,//cdn.shopify.com/s/files/1/0534/2501/2925/products/vintage-plum-100-cotton-khadi-short-shorts-short-shorts-139867_{width}x.jpg?v=1630997465","Mid Rise waist
Full Elasticated Waist
This garment has Slash Pocket, Mobile Pocket
Number of Pockets: 3
Garment Transparency: Opaque
Relaxed Fit
Wash delicately by hand, or in the most gentle machine cycle.
Iron on reverse. Line dry in the shade.
Do not dry clean, bleach, wring, tumble dry or iron on embellishments.
Natural colors tend to bleed. Wash them separately with less washing agent.",2520,Vintage Plum Handspun 100% Cotton Short Shorts
"//cdn.shopify.com/s/files/1/0534/2501/2925/products/breezy-off-white-striped-mid-rise-shorts-short-shorts-337767_{width}x.jpg?v=1611242488,//cdn.shopify.com/s/files/1/0534/2501/2925/products/breezy-off-white-striped-mid-rise-shorts-short-shorts-859021_{width}x.jpg?v=1611242488,//cdn.shopify.com/s/files/1/0534/2501/2925/products/breezy-off-white-striped-mid-rise-shorts-short-shorts-205108_{width}x.jpg?v=1611242488,//cdn.shopify.com/s/files/1/0534/2501/2925/products/breezy-off-white-striped-mid-rise-shorts-short-shorts-569563_{width}x.jpg?v=1611242488,//cdn.shopify.com/s/files/1/0534/2501/2925/products/breezy-off-white-striped-mid-rise-shorts-short-shorts-934231_{width}x.jpg?v=1611242488","Length: Mid-Thigh Length
Mid Rise waist
Half Elasticated Waist
This garment has Inseam Pocket
Number of Pockets: 2
Garment Transparency: Opaque
Comfort Fit
Box Pleats at Front
Wash delicately by hand, or in the most gentle machine cycle.
Iron on reverse. Line dry in the shade.
Do not dry clean, bleach, wring, tumble dry or iron on embellishments.
Natural colors tend to bleed. Wash them separately with less washing agent.",2620,Breezy Off-White Striped Mid-Rise Shorts
"//cdn.shopify.com/s/files/1/0534/2501/2925/products/musturd-gold-100-cotton-khadi-short-shorts-short-shorts-407890_{width}x.jpg?v=1630997461,//cdn.shopify.com/s/files/1/0534/2501/2925/products/musturd-gold-100-cotton-khadi-short-shorts-short-shorts-677556_{width}x.jpg?v=1630997461,//cdn.shopify.com/s/files/1/0534/2501/2925/products/musturd-gold-100-cotton-khadi-short-shorts-short-shorts-160852_{width}x.jpg?v=1630997461,//cdn.shopify.com/s/files/1/0534/2501/2925/products/musturd-gold-100-cotton-khadi-short-shorts-short-shorts-903652_{width}x.jpg?v=1630997461,//cdn.shopify.com/s/files/1/0534/2501/2925/products/musturd-gold-100-cotton-khadi-short-shorts-short-shorts-391490_{width}x.jpg?v=1630997462","Mid Rise waist
Full Elasticated Waist
This garment has Slash Pocket, Mobile Pocket
Number of Pockets: 3
Garment Transparency: Opaque
Relaxed Fit
Wash delicately by hand, or in the most gentle machine cycle.
Iron on reverse. Line dry in the shade.
Do not dry clean, bleach, wring, tumble dry or iron on embellishments.
Natural colors tend to bleed. Wash them separately with less washing agent.",2520,Musturd Gold Handspun 100% Cotton Short Shorts
"//cdn.shopify.com/s/files/1/0534/2501/2925/products/breezy-handspun-short-shorts-short-shorts-232614_{width}x.jpg?v=1626172136,//cdn.shopify.com/s/files/1/0534/2501/2925/products/breezy-handspun-short-shorts-short-shorts-555500_{width}x.jpg?v=1626172136,//cdn.shopify.com/s/files/1/0534/2501/2925/products/breezy-handspun-short-shorts-short-shorts-464794_{width}x.jpg?v=1626172136,//cdn.shopify.com/s/files/1/0534/2501/2925/products/breezy-handspun-short-shorts-short-shorts-582325_{width}x.jpg?v=1626172136,//cdn.shopify.com/s/files/1/0534/2501/2925/products/breezy-handspun-short-shorts-short-shorts-254477_{width}x.jpg?v=1626172136","Length: Mid-Thigh Length
Mid Rise waist
Full Elasticated Waist
This garment has Patch Pocket
Number of Pockets: 2
Garment Transparency: Opaque
Relaxed Fit
Functional Specialty: Fringes At Pocket
Wash delicately by hand, or in the most gentle machine cycle.
Iron on reverse. Line dry in the shade.
Do not dry clean, bleach, wring, tumble dry or iron on embellishments.
Natural colors tend to bleed. Wash them separately with less washing agent.",3200,Breezy Handspun Cotton Checks Shorts
"//cdn.shopify.com/s/files/1/0534/2501/2925/products/orange-handspun-mirror-work-shorts-straight-shorts-526328_{width}x.jpg?v=1625849349,//cdn.shopify.com/s/files/1/0534/2501/2925/products/orange-handspun-mirror-work-shorts-straight-shorts-733057_{width}x.jpg?v=1625849349,//cdn.shopify.com/s/files/1/0534/2501/2925/products/orange-handspun-mirror-work-shorts-straight-shorts-767842_{width}x.jpg?v=1625849349,//cdn.shopify.com/s/files/1/0534/2501/2925/products/orange-handspun-mirror-work-shorts-straight-shorts-888758_{width}x.jpg?v=1625849349,//cdn.shopify.com/s/files/1/0534/2501/2925/products/orange-handspun-mirror-work-shorts-straight-shorts-904666_{width}x.jpg?v=1625849349","Length: Mid-Thigh Length
Mid Rise waist
Half Elasticated Waist
This garment has Patch Pocket
Number of Pockets: 2
Garment Transparency: Opaque
Relaxed Fit
Exposed Zip at front
Wash delicately by hand, or in the most gentle machine cycle.
Iron on reverse. Line dry in the shade.
Do not dry clean, bleach, wring, tumble dry or iron on embellishments.
Natural colors tend to bleed. Wash them separately with less washing agent.",3040,Orange Handspun Mirror Work Shorts
"//cdn.shopify.com/s/files/1/0534/2501/2925/products/teal-blue-comfort-fit-short-shorts-short-shorts-596694_{width}x.jpg?v=1611244484,//cdn.shopify.com/s/files/1/0534/2501/2925/products/teal-blue-comfort-fit-short-shorts-short-shorts-293275_{width}x.jpg?v=1611244484,//cdn.shopify.com/s/files/1/0534/2501/2925/products/teal-blue-comfort-fit-short-shorts-short-shorts-778495_{width}x.jpg?v=1611244484,//cdn.shopify.com/s/files/1/0534/2501/2925/products/teal-blue-comfort-fit-short-shorts-short-shorts-806010_{width}x.jpg?v=1611244484,//cdn.shopify.com/s/files/1/0534/2501/2925/products/teal-blue-comfort-fit-short-shorts-short-shorts-111204_{width}x.jpg?v=1611244484","Mid Rise waist
Half Elasticated Waist
This garment has Inseam Pocket
Number of Pockets: 2
Garment Transparency: Opaque
Comfort Fit
Wash delicately by hand, or in the most gentle machine cycle.
Iron on reverse. Line dry in the shade.
Do not dry clean, bleach, wring, tumble dry or iron on embellishments.
Natural colors tend to bleed. Wash them separately with less washing agent.",1900,Teal Blue Comfort Fit Short Shorts
"//cdn.shopify.com/s/files/1/0534/2501/2925/products/striped-handwoven-flared-godet-shorts-godet-shorts-538822_{width}x.jpg?v=1625990161,//cdn.shopify.com/s/files/1/0534/2501/2925/products/striped-handwoven-flared-godet-shorts-godet-shorts-546514_{width}x.jpg?v=1625990161,//cdn.shopify.com/s/files/1/0534/2501/2925/products/striped-handwoven-flared-godet-shorts-godet-shorts-698573_{width}x.jpg?v=1625990161,//cdn.shopify.com/s/files/1/0534/2501/2925/products/striped-handwoven-flared-godet-shorts-godet-shorts-662355_{width}x.jpg?v=1625990161,//cdn.shopify.com/s/files/1/0534/2501/2925/products/striped-handwoven-flared-godet-shorts-godet-shorts-178092_{width}x.jpg?v=1625990161,//cdn.shopify.com/s/files/1/0534/2501/2925/products/striped-handwoven-flared-godet-shorts-godet-shorts-621927_{width}x.jpg?v=1625990161","Length: Mid-Thigh Length
Mid Rise waist
Waistbandless
This garment has Inseam Pocket
Number of Pockets: 2
Garment Transparency: Opaque
Loose Fit
Concealed Zip at left
Wash delicately by hand, or in the most gentle machine cycle.
Iron on reverse. Line dry in the shade.
Do not dry clean, bleach, wring, tumble dry or iron on embellishments.
Natural colors tend to bleed. Wash them separately with less washing agent.",4180,Striped Handwoven Flared Godet Shorts
"//cdn.shopify.com/s/files/1/0534/2501/2925/products/beige-kalamkari-curved-hem-shorts-curved-hem-shorts-967022_{width}x.jpg?v=1625847178,//cdn.shopify.com/s/files/1/0534/2501/2925/products/beige-kalamkari-curved-hem-shorts-curved-hem-shorts-541711_{width}x.jpg?v=1625847179,//cdn.shopify.com/s/files/1/0534/2501/2925/products/beige-kalamkari-curved-hem-shorts-curved-hem-shorts-160100_{width}x.jpg?v=1625847178,//cdn.shopify.com/s/files/1/0534/2501/2925/products/beige-kalamkari-curved-hem-shorts-curved-hem-shorts-205281_{width}x.jpg?v=1625847178,//cdn.shopify.com/s/files/1/0534/2501/2925/products/beige-kalamkari-curved-hem-shorts-curved-hem-shorts-175263_{width}x.jpg?v=1625847178,//cdn.shopify.com/s/files/1/0534/2501/2925/products/beige-kalamkari-curved-hem-shorts-curved-hem-shorts-919646_{width}x.jpg?v=1625847179","Length: Mid-Thigh Length
Mid Rise waist
Half Elasticated Waist
This garment has Slash Pocket
Number of Pockets: 2
Garment Transparency: Opaque
Comfort Fit
Wash delicately by hand, or in the most gentle machine cycle.
Iron on reverse. Line dry in the shade.
Do not dry clean, bleach, wring, tumble dry or iron on embellishments.
Natural colors tend to bleed. Wash them separately with less washing agent.",2630,Beige Kalamkari Comfort Fit Shorts
"//cdn.shopify.com/s/files/1/0534/2501/2925/products/red-solid-cotton-short-shorts-short-shorts-467892_{width}x.jpg?v=1611250620,//cdn.shopify.com/s/files/1/0534/2501/2925/products/red-solid-cotton-short-shorts-short-shorts-349011_{width}x.jpg?v=1611250620,//cdn.shopify.com/s/files/1/0534/2501/2925/products/red-solid-cotton-short-shorts-short-shorts-775353_{width}x.jpg?v=1611250620,//cdn.shopify.com/s/files/1/0534/2501/2925/products/red-solid-cotton-short-shorts-short-shorts-704787_{width}x.jpg?v=1611250620,//cdn.shopify.com/s/files/1/0534/2501/2925/products/red-solid-cotton-short-shorts-short-shorts-272345_{width}x.jpg?v=1611250620","Primary Fabric: 100% Cotton
Pattern: Solid
Color: Red, Pink
Style: Short
Length: Mid-Thigh Length
Mid Rise waist
Full Elasticated Waist
This garment has Slash Pocket, Mobile Pocket
Number of Pockets: 3
Garment Transparency: Opaque
Relaxed Fit
Wash delicately by hand, or in the most gentle machine cycle.
Iron on reverse. Line dry in the shade.
Do not dry clean, bleach, wring, tumble dry or iron on embellishments.
Natural colors tend to bleed. Wash them separately with less washing agent.",2460,Red Solid Cotton Short Shorts
"//cdn.shopify.com/s/files/1/0534/2501/2925/products/olive-green-cotton-flax-short-shorts-short-shorts-451621_{width}x.jpg?v=1625847458,//cdn.shopify.com/s/files/1/0534/2501/2925/products/olive-green-cotton-flax-short-shorts-short-shorts-974059_{width}x.jpg?v=1625847458,//cdn.shopify.com/s/files/1/0534/2501/2925/products/olive-green-cotton-flax-short-shorts-short-shorts-621023_{width}x.jpg?v=1625847458,//cdn.shopify.com/s/files/1/0534/2501/2925/products/olive-green-cotton-flax-short-shorts-short-shorts-740813_{width}x.jpg?v=1625847458,//cdn.shopify.com/s/files/1/0534/2501/2925/products/olive-green-cotton-flax-short-shorts-short-shorts-526123_{width}x.jpg?v=1625847458","Primary Fabric: 100% Cotton
Pattern: Solid
Color: Olive Green
Style: Short
Length: Mid-Thigh Length
Mid Rise waist
Full Elasticated Waist
This garment has Slash Pocket, Mobile Pocket
Number of Pockets: 3
Garment Transparency: Opaque
Relaxed Fit
Wash delicately by hand, or in the most gentle machine cycle.
Iron on reverse. Line dry in the shade.
Do not dry clean, bleach, wring, tumble dry or iron on embellishments.
Natural colors tend to bleed. Wash them separately with less washing agent.",2470,Olive Green Solid Cotton Short Shorts
"//cdn.shopify.com/s/files/1/0534/2501/2925/products/frilled-short-shorts-short-short-801486_{width}x.jpg?v=1625850974,//cdn.shopify.com/s/files/1/0534/2501/2925/products/frilled-short-shorts-short-short-788036_{width}x.jpg?v=1625850974,//cdn.shopify.com/s/files/1/0534/2501/2925/products/frilled-short-shorts-short-shorts-689966_{width}x.jpg?v=1625850975,//cdn.shopify.com/s/files/1/0534/2501/2925/products/frilled-short-shorts-short-short-386538_{width}x.jpg?v=1625850974,//cdn.shopify.com/s/files/1/0534/2501/2925/products/frilled-short-shorts-short-short-773334_{width}x.jpg?v=1625850974","Primary Fabric: 100% Cotton - Yarn Dyed, Crinkled
This is a lined garment
Color: White, Red
Style: Short, Flared, Paneled
Length: Mid-Thigh Length
Mid Rise waist
Half Elasticated Waist
This garment has Inseam Pocket
Number of Pockets: 2
Garment Transparency: Translucent
Relaxed Fit
Frill at Hem
Wash delicately by hand, or in the most gentle machine cycle.
Iron on reverse. Line dry in the shade.
Do not dry clean, bleach, wring, tumble dry or iron on embellishments.
Natural colors tend to bleed. Wash them separately with less washing agent.",3560,White Crinkled Cotton Frilled Shorts
"//cdn.shopify.com/s/files/1/0534/2501/2925/products/4L4A4636_{width}x.jpg?v=1637644614,//cdn.shopify.com/s/files/1/0534/2501/2925/products/4L4A4640_{width}x.jpg?v=1637644614,//cdn.shopify.com/s/files/1/0534/2501/2925/products/4L4A4629_{width}x.jpg?v=1637644614,//cdn.shopify.com/s/files/1/0534/2501/2925/products/4L4A4635_{width}x.jpg?v=1637644614,//cdn.shopify.com/s/files/1/0534/2501/2925/products/4L4A4632_{width}x.jpg?v=1637644611,//cdn.shopify.com/s/files/1/0534/2501/2925/products/4L4A4637_{width}x.jpg?v=1637644600","Primary Fabric: 100% Cotton - Yarn Dyed, Azo-Free Dyed, Handspun, Hand Woven in Murshidabad (West Bengal)
Pattern: Solid
Color: Sky Blue
Button Type: Shell
Style: Bermuda
Length: Above-The-Knee
Mid Rise waist
Half Elasticated Waist
This garment has Inseam Pocket
Number of Pockets: 2
Garment Transparency: Opaque
Comfort Fit
Elasticized Drawstring at waist
Functional Specialty: Roll-Up Hem
Wash delicately by hand, or in the most gentle machine cycle.
Iron on reverse. Line dry in the shade.
Do not dry clean, bleach, wring, tumble dry or iron on embellishments.
Natural colors tend to bleed. Wash them separately with less washing agent.",4300,Sky Blue Handspun Cozy Bermuda Shorts
"//cdn.shopify.com/s/files/1/0534/2501/2925/products/sage-green-cotton-corduroy-baggy-shorts-baggy-shorts-273010_{width}x.jpg?v=1625844335,//cdn.shopify.com/s/files/1/0534/2501/2925/products/sage-green-cotton-corduroy-baggy-shorts-baggy-shorts-734767_{width}x.jpg?v=1625844335,//cdn.shopify.com/s/files/1/0534/2501/2925/products/sage-green-cotton-corduroy-baggy-shorts-baggy-shorts-353930_{width}x.jpg?v=1625844335,//cdn.shopify.com/s/files/1/0534/2501/2925/products/sage-green-cotton-corduroy-baggy-shorts-baggy-shorts-623506_{width}x.jpg?v=1625844335,//cdn.shopify.com/s/files/1/0534/2501/2925/products/sage-green-cotton-corduroy-baggy-shorts-baggy-shorts-769585_{width}x.jpg?v=1625844335,//cdn.shopify.com/s/files/1/0534/2501/2925/products/sage-green-cotton-corduroy-baggy-shorts-baggy-shorts-191176_{width}x.jpg?v=1625844335,//cdn.shopify.com/s/files/1/0534/2501/2925/products/sage-green-cotton-corduroy-baggy-shorts-baggy-shorts-706707_{width}x.jpg?v=1625844335","Primary Fabric: 100% Cotton Corduroy
Pattern: Solid, Stripes
Color: Sage Green
Button Type: Shell
Style: Baggy, Pleated
Length: Mid-Thigh Length
High Rise waist
Half Elasticated Waist
This garment has Slash Pocket
Number of Pockets: 2
Garment Transparency: Opaque
Comfort Fit
Exposed Zip at Front
Functional Specialty: Fold Up Hem
Wash delicately by hand, or in the most gentle machine cycle.
Iron on reverse. Line dry in the shade.
Do not dry clean, bleach, wring, tumble dry or iron on embellishments.
Natural colors tend to bleed. Wash them separately with less washing agent.",3200,Sage Green Cotton Corduroy Baggy Shorts
"//cdn.shopify.com/s/files/1/0534/2501/2925/products/powder-pink-vegetable-dyed-handspun-short-shorts-short-shorts-982182_{width}x.jpg?v=1626282323,//cdn.shopify.com/s/files/1/0534/2501/2925/products/powder-pink-vegetable-dyed-handspun-short-shorts-short-shorts-227718_{width}x.jpg?v=1626282323,//cdn.shopify.com/s/files/1/0534/2501/2925/products/powder-pink-vegetable-dyed-handspun-short-shorts-short-shorts-969847_{width}x.jpg?v=1626282323,//cdn.shopify.com/s/files/1/0534/2501/2925/products/powder-pink-vegetable-dyed-handspun-short-shorts-short-shorts-993785_{width}x.jpg?v=1626282323,//cdn.shopify.com/s/files/1/0534/2501/2925/products/powder-pink-vegetable-dyed-handspun-short-shorts-short-shorts-551003_{width}x.jpg?v=1626282323,//cdn.shopify.com/s/files/1/0534/2501/2925/products/powder-pink-vegetable-dyed-handspun-short-shorts-short-shorts-728897_{width}x.jpg?v=1626282323","Primary Fabric: 100% Cotton - Vegetable Dyed in Ahmedabad (Gujarat), Handspun, Hand Woven in Nagri (Tamil Nadu)
Pattern: Solid
Color: Powder Pink
Style: Short
Length: Mid-Thigh Length
Mid Rise waist
Full Elasticated Waist, Attached Belt at Waist
This garment has Patch Pocket, Mobile Pocket
Number of Pockets: 4
Garment Transparency: Opaque
Comfort Fit
Wash delicately by hand, or in the most gentle machine cycle.
Iron on reverse. Line dry in the shade.
Do not dry clean, bleach, wring, tumble dry or iron on embellishments.
Natural colors tend to bleed. Wash them separately with less washing agent.",4660,Powder Pink Vegetable Dyed Handspun Short Shorts
"//cdn.shopify.com/s/files/1/0534/2501/2925/products/convertible-pink-flannel-pant-shorts-straight-shorts-594018_{width}x.jpg?v=1625989303,//cdn.shopify.com/s/files/1/0534/2501/2925/products/convertible-pink-flannel-pant-shorts-straight-shorts-350128_{width}x.jpg?v=1625989303,//cdn.shopify.com/s/files/1/0534/2501/2925/products/convertible-pink-flannel-pant-shorts-straight-shorts-534875_{width}x.jpg?v=1625989303,//cdn.shopify.com/s/files/1/0534/2501/2925/products/convertible-pink-flannel-pant-shorts-straight-shorts-953105_{width}x.jpg?v=1625989309,//cdn.shopify.com/s/files/1/0534/2501/2925/products/convertible-pink-flannel-pant-shorts-straight-shorts-491116_{width}x.jpg?v=1625989303,//cdn.shopify.com/s/files/1/0534/2501/2925/products/convertible-pink-flannel-pant-shorts-straight-shorts-111323_{width}x.jpg?v=1625989303,//cdn.shopify.com/s/files/1/0534/2501/2925/products/convertible-pink-flannel-pant-shorts-straight-shorts-179966_{width}x.jpg?v=1625989303,//cdn.shopify.com/s/files/1/0534/2501/2925/products/convertible-pink-flannel-pant-shorts-straight-shorts-300373_{width}x.jpg?v=1625989303,//cdn.shopify.com/s/files/1/0534/2501/2925/products/convertible-pink-flannel-pant-shorts-straight-shorts-232445_{width}x.jpg?v=1625989303,//cdn.shopify.com/s/files/1/0534/2501/2925/products/convertible-pink-flannel-pant-shorts-straight-shorts-443566_{width}x.jpg?v=1625989303,//cdn.shopify.com/s/files/1/0534/2501/2925/products/convertible-pink-flannel-pant-shorts-straight-shorts-800316_{width}x.jpg?v=1625989309,//cdn.shopify.com/s/files/1/0534/2501/2925/products/convertible-pink-flannel-pant-shorts-straight-shorts-868160_{width}x.jpg?v=1625989309,//cdn.shopify.com/s/files/1/0534/2501/2925/products/convertible-pink-flannel-pant-shorts-straight-shorts-535055_{width}x.jpg?v=1625989303","Primary Fabric: 100% Cotton Flannel
Pattern: Solid
Color: English Rose
Button Type: Shell
Style: Convertible Straight Cargo Pant Shorts
Length: Ankle Length when worn as Pant. Mid-Thigh Length when worn as Shorts
Mid Rise waist
Half Elasticated Waist
This garment has Slash Pocket
Number of Pockets: 2
Garment Transparency: Opaque
Relaxed Fit
Exposed Zip at Front
Wash delicately by hand, or in the most gentle machine cycle.
Iron on reverse. Line dry in the shade.
Do not dry clean, bleach, wring, tumble dry or iron on embellishments.
Natural colors tend to bleed. Wash them separately with less washing agent.",4630,Pink Flannel Convertible Pant Shorts
"//cdn.shopify.com/s/files/1/0534/2501/2925/products/straight-fit-belted-short-shorts-short-short-889155_{width}x.jpg?v=1625849414,//cdn.shopify.com/s/files/1/0534/2501/2925/products/straight-fit-belted-short-shorts-short-short-182816_{width}x.jpg?v=1625849414,//cdn.shopify.com/s/files/1/0534/2501/2925/products/straight-fit-belted-short-shorts-short-short-196280_{width}x.jpg?v=1625849414,//cdn.shopify.com/s/files/1/0534/2501/2925/products/straight-fit-belted-short-shorts-short-short-815533_{width}x.jpg?v=1625849414,//cdn.shopify.com/s/files/1/0534/2501/2925/products/straight-fit-belted-short-shorts-short-short-987011_{width}x.jpg?v=1625849414","Craft: Sanganeri Hand Block Print
Primary Fabric: 100% Cotton - Azo-Free Dyed, Hand Block Printed in Sanganer (Rajasthan)
This is a lined garment
Pattern: Floral, Contemporary
Color: White, Peach
Button Type: Shell
Lace: Block-Printed Lace
Style: Short, Straight 
Length: Micro Length
Mid Rise waist
Half Elasticated Waist, Attached Belt at Waist
This garment has Inseam Pocket
Number of Pockets: 2
Garment Transparency: Opaque
Relaxed Fit
Exposed Zip at Center Front
Wash delicately by hand, or in the most gentle machine cycle.
Iron on reverse. Line dry in the shade.
Do not dry clean, bleach, wring, tumble dry or iron on embellishments.
Natural colors tend to bleed. Wash them separately with less washing agent.",3690,Block Printed Mid-Rise Elasticated Shorts
"//cdn.shopify.com/s/files/1/0534/2501/2925/products/dabu-indigo-short-shorts-short-shorts-668532_{width}x.jpg?v=1626084919,//cdn.shopify.com/s/files/1/0534/2501/2925/products/dabu-indigo-short-shorts-short-shorts-799415_{width}x.jpg?v=1626084919,//cdn.shopify.com/s/files/1/0534/2501/2925/products/dabu-indigo-short-shorts-short-shorts-918230_{width}x.jpg?v=1626084919,//cdn.shopify.com/s/files/1/0534/2501/2925/products/dabu-indigo-short-shorts-short-shorts-237455_{width}x.jpg?v=1626084919,//cdn.shopify.com/s/files/1/0534/2501/2925/products/dabu-indigo-short-shorts-short-shorts-266670_{width}x.jpg?v=1626084919","Craft: Dabu Hand Block Print
Primary Fabric: 100% Cotton - Natural Dyed, Hand Block Printed in Sanganer (Rajasthan)
This is a lined garment
Pattern: Floral, Contemporary
Color: Indigo
Style: Short
Length: Mid-Thigh Length
Mid Rise waist
Half Elasticated Waist
This garment has Patch Pocket
Number of Pockets: 2
Garment Transparency: Opaque
Comfort Fit
Cord Piping 
Wash delicately by hand, or in the most gentle machine cycle.
Iron on reverse. Line dry in the shade.
Do not dry clean, bleach, wring, tumble dry or iron on embellishments.
Natural colors tend to bleed. Wash them separately with less washing agent.",2820,Natural Dyed Mid Rise Dabu Printed Shorts
"//cdn.shopify.com/s/files/1/0534/2501/2925/products/white-short-crinkled-cotton-shorts-short-shorts-679340_{width}x.jpg?v=1625993784,//cdn.shopify.com/s/files/1/0534/2501/2925/products/white-short-crinkled-cotton-shorts-short-shorts-166598_{width}x.jpg?v=1625993784,//cdn.shopify.com/s/files/1/0534/2501/2925/products/white-short-crinkled-cotton-shorts-short-shorts-268133_{width}x.jpg?v=1625993784,//cdn.shopify.com/s/files/1/0534/2501/2925/products/white-short-crinkled-cotton-shorts-short-shorts-244886_{width}x.jpg?v=1625993784,//cdn.shopify.com/s/files/1/0534/2501/2925/products/white-short-crinkled-cotton-shorts-short-shorts-892179_{width}x.jpg?v=1625993784,//cdn.shopify.com/s/files/1/0534/2501/2925/products/white-short-crinkled-cotton-shorts-short-shorts-577404_{width}x.jpg?v=1625993784,//cdn.shopify.com/s/files/1/0534/2501/2925/products/white-short-crinkled-cotton-shorts-short-shorts-717647_{width}x.jpg?v=1625993784","Primary Fabric: 100% Cotton - Crinkled
This is a lined garment
Pattern: Solid
Color: Off-white
Style: Short
Length: Mid-Thigh Length
Mid Rise waist
Half Elasticated Waist, Attached Belt at Waist
This garment has Slash Pocket
Number of Pockets: 2
Garment Transparency: Opaque
Comfort Fit
Wash delicately by hand, or in the most gentle machine cycle.
Iron on reverse. Line dry in the shade.
Do not dry clean, bleach, wring, tumble dry or iron on embellishments.
Natural colors tend to bleed. Wash them separately with less washing agent.",4000,White Short Crinkled Cotton Shorts
"//cdn.shopify.com/s/files/1/0534/2501/2925/products/IMG_0958_d4a508f7-cc33-467e-aed6-bebbc60246d8_{width}x.jpg?v=1638422191,//cdn.shopify.com/s/files/1/0534/2501/2925/products/IMG_0963_6496a8f4-25a9-4a94-aa6d-bbe7c095653f_{width}x.jpg?v=1638422191,//cdn.shopify.com/s/files/1/0534/2501/2925/products/IMG_0956_9f1a743e-afc5-4c25-a6fc-db4f785a88ed_{width}x.jpg?v=1638422191,//cdn.shopify.com/s/files/1/0534/2501/2925/products/IMG_0957_70cb5374-93f5-48a9-87aa-a2f6430ddd63_{width}x.jpg?v=1638422191,//cdn.shopify.com/s/files/1/0534/2501/2925/products/IMG_0961_c1aa365d-6d11-4b2f-a248-83e4d989a745_{width}x.jpg?v=1638422191","Craft: Dabu Hand Block Print
Primary Fabric: 100% Cotton - Natural Dyed, Hand Block Printed in Sanganer (Rajasthan)
This is a lined garment
Pattern: Botanical, Floral
Color: Indigo
Style: Short
Length: Mid-Thigh Length
High Rise waist
Waistbandless
This garment has Inseam Pocket
Number of Pockets: 2
Garment Transparency: Opaque
Comfort Fit
Tie-Up at Waist
Concealed Zip at The Left
Cord Piping 
Wash delicately by hand, or in the most gentle machine cycle.
Iron on reverse. Line dry in the shade.
Do not dry clean, bleach, wring, tumble dry or iron on embellishments.
Natural colors tend to bleed. Wash them separately with less washing agent.",2800,Indigo Dabu Print High Rise Comfort Fit Shorts
"//cdn.shopify.com/s/files/1/0534/2501/2925/products/brick-red-mid-rise-straight-shorts-straight-fit-shorts-981452_{width}x.jpg?v=1625849079,//cdn.shopify.com/s/files/1/0534/2501/2925/products/brick-red-mid-rise-straight-shorts-straight-fit-shorts-804680_{width}x.jpg?v=1625849079,//cdn.shopify.com/s/files/1/0534/2501/2925/products/brick-red-mid-rise-straight-shorts-straight-fit-shorts-674000_{width}x.jpg?v=1625849079,//cdn.shopify.com/s/files/1/0534/2501/2925/products/brick-red-mid-rise-straight-shorts-straight-fit-shorts-133586_{width}x.jpg?v=1625849079,//cdn.shopify.com/s/files/1/0534/2501/2925/products/brick-red-mid-rise-straight-shorts-straight-fit-shorts-492663_{width}x.jpg?v=1625849079","Primary Fabric: 100% Cotton
Pattern: Solid
Color: Brick Red
Style: Straight 
Length: Mid-Thigh Length
Mid Rise waist
Full Elasticated Waist
This garment has Inseam Pocket
Number of Pockets: 2
Garment Transparency: Opaque
Comfort Fit
Drawstring at Waist
Wash delicately by hand, or in the most gentle machine cycle.
Iron on reverse. Line dry in the shade.
Do not dry clean, bleach, wring, tumble dry or iron on embellishments.
Natural colors tend to bleed. Wash them separately with less washing agent.",1880,Brick Red Cotton Straight Shorts
"//cdn.shopify.com/s/files/1/0534/2501/2925/products/brick-red-mid-rise-hot-pants-hot-pants-shorts-329598_{width}x.jpg?v=1626171553,//cdn.shopify.com/s/files/1/0534/2501/2925/products/brick-red-mid-rise-hot-pants-hot-pants-shorts-731406_{width}x.jpg?v=1626171553,//cdn.shopify.com/s/files/1/0534/2501/2925/products/brick-red-mid-rise-hot-pants-hot-pants-shorts-145244_{width}x.jpg?v=1626171553,//cdn.shopify.com/s/files/1/0534/2501/2925/products/brick-red-mid-rise-hot-pants-hot-pants-shorts-287497_{width}x.jpg?v=1626171553,//cdn.shopify.com/s/files/1/0534/2501/2925/products/brick-red-mid-rise-hot-pants-hot-pants-shorts-203071_{width}x.jpg?v=1626171553","Craft: Bagru Hand Block Print
Primary Fabric: 100% Cotton - Natural Dyed, Hand Block Printed in Bagru (Rajasthan)
Pattern: Floral, Contemporary
Color: Brick Red
Style: Hot Pants
Length: Mid-Thigh Length
Mid Rise waist
Waistbandless
This garment has Inseam Pocket
Number of Pockets: 2
Garment Transparency: Opaque
Slim Fit
Exposed Zip at the Front
Belt Loops 
Wash delicately by hand, or in the most gentle machine cycle.
Iron on reverse. Line dry in the shade.
Do not dry clean, bleach, wring, tumble dry or iron on embellishments.
Natural colors tend to bleed. Wash them separately with less washing agent.",2760,Brick Red Block Print Floral Hot Pants
